SalesID,Date,ProductID,Quantity,Revenue
1,2025-05-10,4,10,59.900000000000006
5,2024-04-11,4,5,29.950000000000003
12,2025-03-16,4,17,101.83
13,2024-01-21,4,7,41.93
27,2025-08-15,4,14,83.86
33,2023-01-21,4,10,59.900000000000006
38,2023-11-12,4,14,83.86
42,2024-07-18,4,15,89.85000000000001
44,2023-04-02,4,19,113.81
46,2024-05-23,4,1,5.99
51,2025-10-18,4,9,53.910000000000004
54,2024-02-06,4,13,77.87
62,2025-10-13,4,19,113.81
66,2025-05-28,4,17,101.83
72,2024-01-15,4,10,59.900000000000006
80,2024-08-15,4,5,29.950000000000003
86,2025-10-14,4,4,23.96
89,2023-05-15,4,4,23.96
90,2023-07-20,4,6,35.94
91,2025-02-18,4,5,29.950000000000003
93,2025-11-22,4,4,23.96
105,2024-05-17,4,11,65.89
120,2023-08-19,4,10,59.900000000000006
121,2025-01-18,4,15,89.85000000000001
130,2025-03-06,4,12,71.88
146,2023-01-02,4,4,23.96
147,2024-10-03,4,7,41.93
152,2024-12-30,4,16,95.84
158,2025-02-05,4,12,71.88
159,2023-10-21,4,10,59.900000000000006
164,2025-01-21,4,6,35.94
170,2025-02-02,4,15,89.85000000000001
185,2023-12-12,4,12,71.88
190,2025-06-15,4,5,29.950000000000003
191,2023-09-11,4,18,107.82000000000001
192,2024-03-28,4,3,17.97
202,2024-08-09,4,2,11.98
203,2023-04-14,4,4,23.96
206,2023-04-09,4,17,101.83
211,2025-04-01,4,9,53.910000000000004
216,2025-03-26,4,3,17.97
226,2023-02-07,4,4,23.96
229,2024-03-13,4,13,77.87
232,2025-03-08,4,4,23.96
245,2025-12-05,4,3,17.97
250,2024-05-11,4,13,77.87
255,2025-09-19,4,10,59.900000000000006
263,2024-07-23,4,11,65.89
269,2024-05-04,4,8,47.92
272,2025-11-28,4,7,41.93
273,2025-01-28,4,13,77.87
275,2025-07-09,4,6,35.94
287,2025-08-29,4,14,83.86
289,2025-04-13,4,6,35.94
292,2023-02-20,4,17,101.83
303,2024-09-04,4,5,29.950000000000003
307,2025-09-30,4,10,59.900000000000006
311,2025-09-18,4,1,5.99
314,2025-05-16,4,3,17.97
318,2023-09-26,4,9,53.910000000000004
328,2025-10-09,4,5,29.950000000000003
332,2025-03-12,4,19,113.81
333,2024-07-13,4,9,53.910000000000004
340,2023-09-04,4,6,35.94
347,2023-04-04,4,4,23.96
351,2025-06-30,4,1,5.99
368,2023-12-02,4,6,35.94
383,2025-01-23,4,6,35.94
384,2023-02-04,4,12,71.88
396,2024-02-17,4,11,65.89
398,2025-10-17,4,6,35.94
400,2024-11-06,4,14,83.86
403,2023-07-11,4,8,47.92
410,2023-10-06,4,14,83.86
413,2025-05-22,4,9,53.910000000000004
414,2023-03-03,4,15,89.85000000000001
425,2024-03-30,4,16,95.84
430,2025-06-03,4,13,77.87
433,2025-11-14,4,11,65.89
436,2024-07-22,4,10,59.900000000000006
437,2025-11-28,4,7,41.93
438,2023-04-19,4,10,59.900000000000006
445,2024-10-19,4,10,59.900000000000006
449,2025-08-11,4,6,35.94
466,2024-12-14,4,11,65.89
473,2024-03-31,4,4,23.96
479,2023-07-09,4,15,89.85000000000001
488,2023-06-22,4,11,65.89
490,2023-03-21,4,3,17.97
494,2023-02-16,4,18,107.82000000000001
497,2025-08-28,4,9,53.910000000000004
543,2024-11-19,4,7,41.93
545,2024-05-25,4,16,95.84
552,2025-02-09,4,16,95.84
568,2025-12-31,4,12,71.88
570,2023-09-07,4,14,83.86
571,2024-11-04,4,12,71.88
572,2024-03-13,4,3,17.97
580,2025-02-01,4,13,77.87
589,2023-04-13,4,18,107.82000000000001
591,2025-01-07,4,15,89.85000000000001
592,2025-03-16,4,6,35.94
601,2025-10-16,4,16,95.84
602,2024-06-25,4,11,65.89
606,2025-03-07,4,18,107.82000000000001
613,2024-06-29,4,6,35.94
618,2023-04-21,4,5,29.950000000000003
621,2023-04-05,4,2,11.98
623,2023-12-26,4,5,29.950000000000003
630,2024-09-25,4,18,107.82000000000001
635,2024-06-17,4,3,17.97
645,2023-02-16,4,9,53.910000000000004
647,2023-08-27,4,12,71.88
653,2023-12-03,4,5,29.950000000000003
664,2024-04-18,4,3,17.97
669,2024-06-09,4,12,71.88
672,2025-10-27,4,2,11.98
673,2025-10-23,4,11,65.89
676,2023-12-29,4,18,107.82000000000001
677,2025-03-16,4,4,23.96
679,2025-11-04,4,14,83.86
686,2025-03-22,4,9,53.910000000000004
698,2025-01-17,4,10,59.900000000000006
699,2024-08-17,4,7,41.93
713,2025-06-17,4,5,29.950000000000003
719,2025-07-08,4,11,65.89
724,2024-10-07,4,16,95.84
735,2023-11-22,4,14,83.86
745,2024-10-15,4,14,83.86
749,2023-09-16,4,3,17.97
755,2025-06-16,4,18,107.82000000000001
757,2023-11-17,4,9,53.910000000000004
760,2025-02-15,4,15,89.85000000000001
770,2023-09-27,4,6,35.94
779,2025-12-01,4,5,29.950000000000003
781,2024-02-06,4,11,65.89
786,2025-11-12,4,12,71.88
791,2023-05-25,4,13,77.87
792,2025-10-03,4,16,95.84
794,2025-03-31,4,3,17.97
802,2024-04-22,4,9,53.910000000000004
805,2023-06-06,4,10,59.900000000000006
807,2025-10-17,4,19,113.81
811,2023-07-15,4,19,113.81
812,2024-08-20,4,8,47.92
821,2023-02-16,4,1,5.99
827,2025-01-24,4,17,101.83
828,2025-03-04,4,8,47.92
830,2023-01-11,4,12,71.88
839,2024-01-31,4,3,17.97
843,2025-09-11,4,7,41.93
846,2024-11-13,4,19,113.81
848,2023-12-22,4,2,11.98
852,2025-10-05,4,2,11.98
855,2023-02-20,4,5,29.950000000000003
857,2025-02-17,4,6,35.94
859,2024-02-24,4,2,11.98
862,2025-10-21,4,3,17.97
865,2025-07-24,4,19,113.81
869,2023-11-09,4,12,71.88
873,2023-09-01,4,12,71.88
874,2024-06-20,4,5,29.950000000000003
887,2024-12-10,4,12,71.88
893,2024-10-27,4,16,95.84
900,2023-12-08,4,13,77.87
901,2024-04-20,4,18,107.82000000000001
903,2024-07-14,4,4,23.96
907,2024-03-10,4,9,53.910000000000004
918,2024-08-12,4,14,83.86
920,2023-07-13,4,17,101.83
921,2024-05-16,4,1,5.99
925,2025-04-10,4,14,83.86
928,2025-03-10,4,13,77.87
938,2023-11-24,4,19,113.81
943,2025-10-03,4,4,23.96
948,2023-06-14,4,17,101.83
949,2023-07-01,4,16,95.84
955,2023-01-07,4,12,71.88
956,2023-11-26,4,3,17.97
959,2023-05-27,4,11,65.89
974,2025-06-23,4,6,35.94
990,2023-01-04,4,18,107.82000000000001
992,2024-03-17,4,18,107.82000000000001
994,2024-09-01,4,9,53.910000000000004
996,2023-03-16,4,8,47.92
999,2023-02-11,4,3,17.97
1002,2023-02-03,4,17,101.83
1007,2023-01-27,4,12,71.88
1013,2025-03-31,4,18,107.82000000000001
1040,2025-08-15,4,11,65.89
1044,2023-06-03,4,15,89.85000000000001
1048,2025-11-06,4,18,107.82000000000001
1049,2023-03-02,4,13,77.87
1053,2025-11-28,4,8,47.92
1056,2023-06-21,4,3,17.97
1060,2023-10-02,4,8,47.92
1061,2025-12-03,4,19,113.81
1064,2025-11-06,4,11,65.89
1067,2023-08-04,4,14,83.86
1072,2024-12-10,4,13,77.87
1074,2024-05-03,4,2,11.98
1075,2023-02-16,4,15,89.85000000000001
1078,2024-12-11,4,14,83.86
1087,2024-11-18,4,6,35.94
1097,2025-09-21,4,11,65.89
1100,2023-05-11,4,2,11.98
1104,2023-07-02,4,10,59.900000000000006
1105,2025-09-09,4,18,107.82000000000001
1106,2023-12-30,4,14,83.86
1114,2025-06-12,4,5,29.950000000000003
1116,2025-01-08,4,17,101.83
1120,2025-01-28,4,15,89.85000000000001
1124,2025-08-15,4,8,47.92
1132,2023-09-23,4,18,107.82000000000001
1133,2025-07-14,4,12,71.88
1137,2024-07-30,4,5,29.950000000000003
1143,2024-03-07,4,16,95.84
1160,2025-06-03,4,10,59.900000000000006
1163,2023-08-06,4,19,113.81
1164,2025-07-25,4,7,41.93
1165,2025-01-22,4,15,89.85000000000001
1171,2024-11-19,4,19,113.81
1177,2023-08-04,4,19,113.81
1179,2023-06-09,4,5,29.950000000000003
1206,2023-11-14,4,19,113.81
1215,2023-12-19,4,2,11.98
1219,2023-12-29,4,7,41.93
1223,2024-02-26,4,14,83.86
1226,2023-05-13,4,11,65.89
1231,2024-06-18,4,3,17.97
1232,2024-03-01,4,17,101.83
1235,2023-03-23,4,8,47.92
1243,2024-11-30,4,15,89.85000000000001
1247,2024-11-05,4,1,5.99
1249,2024-04-11,4,13,77.87
1250,2024-02-18,4,5,29.950000000000003
1253,2024-07-25,4,19,113.81
1261,2023-07-11,4,17,101.83
1273,2024-11-17,4,7,41.93
1280,2025-10-27,4,6,35.94
1281,2023-01-29,4,11,65.89
1289,2025-01-07,4,7,41.93
1296,2025-06-02,4,2,11.98
1297,2025-08-31,4,13,77.87
1304,2025-05-18,4,18,107.82000000000001
1311,2024-05-06,4,5,29.950000000000003
1312,2023-07-27,4,9,53.910000000000004
1323,2024-11-23,4,11,65.89
1325,2025-06-17,4,3,17.97
1336,2024-05-15,4,17,101.83
1347,2023-06-15,4,17,101.83
1361,2024-12-14,4,15,89.85000000000001
1364,2023-01-02,4,10,59.900000000000006
1365,2023-08-13,4,16,95.84
1367,2024-08-11,4,7,41.93
1373,2023-05-02,4,3,17.97
1374,2023-05-23,4,2,11.98
1380,2024-09-26,4,11,65.89
1384,2024-07-06,4,5,29.950000000000003
1385,2024-12-16,4,9,53.910000000000004
1387,2023-09-08,4,14,83.86
1391,2023-07-27,4,7,41.93
1392,2025-06-18,4,5,29.950000000000003
1397,2025-03-19,4,1,5.99
1398,2025-05-23,4,12,71.88
1405,2025-06-27,4,3,17.97
1407,2025-01-19,4,2,11.98
1409,2023-11-05,4,12,71.88
1413,2025-07-02,4,3,17.97
1420,2025-01-24,4,11,65.89
1421,2023-02-04,4,6,35.94
1422,2024-03-20,4,6,35.94
1423,2023-04-03,4,9,53.910000000000004
1427,2023-06-08,4,5,29.950000000000003
1429,2023-01-24,4,8,47.92
1431,2025-03-15,4,12,71.88
1435,2025-08-13,4,18,107.82000000000001
1439,2024-02-24,4,6,35.94
1441,2024-07-31,4,8,47.92
1447,2024-09-28,4,17,101.83
1458,2023-11-30,4,7,41.93
1462,2025-04-16,4,1,5.99
1469,2023-08-19,4,4,23.96
1472,2025-06-09,4,10,59.900000000000006
1476,2024-04-04,4,1,5.99
1478,2025-07-07,4,2,11.98
1483,2024-08-14,4,7,41.93
1484,2025-04-23,4,15,89.85000000000001
1493,2023-06-14,4,13,77.87
1501,2025-11-09,4,13,77.87
1502,2023-10-09,4,5,29.950000000000003
1503,2025-03-07,4,2,11.98
1507,2023-07-17,4,7,41.93
1516,2024-11-23,4,4,23.96
1525,2024-01-19,4,6,35.94
1527,2025-01-15,4,10,59.900000000000006
1533,2024-10-30,4,1,5.99
1534,2024-05-31,4,3,17.97
1538,2023-04-24,4,17,101.83
1539,2023-10-30,4,14,83.86
1545,2025-03-11,4,4,23.96
1547,2025-12-12,4,6,35.94
1548,2025-12-28,4,13,77.87
1556,2024-08-11,4,16,95.84
1557,2024-05-03,4,14,83.86
1559,2024-05-08,4,8,47.92
1561,2024-02-01,4,19,113.81
1565,2024-03-30,4,10,59.900000000000006
1566,2024-12-25,4,18,107.82000000000001
1573,2023-11-01,4,14,83.86
1576,2023-04-12,4,19,113.81
1580,2025-04-21,4,14,83.86
1583,2025-10-23,4,11,65.89
1588,2024-09-20,4,2,11.98
1595,2025-08-01,4,11,65.89
1599,2025-06-09,4,1,5.99
1608,2025-03-03,4,6,35.94
1612,2025-02-27,4,14,83.86
1613,2023-05-21,4,4,23.96
1619,2024-05-08,4,18,107.82000000000001
1628,2023-12-16,4,9,53.910000000000004
1633,2023-11-08,4,15,89.85000000000001
1637,2023-02-05,4,3,17.97
1638,2024-07-12,4,11,65.89
1639,2025-06-09,4,15,89.85000000000001
1641,2025-06-05,4,10,59.900000000000006
1643,2025-11-15,4,15,89.85000000000001
1651,2024-12-20,4,2,11.98
1653,2025-05-08,4,2,11.98
1654,2023-02-19,4,11,65.89
1659,2023-05-26,4,11,65.89
1666,2024-11-03,4,12,71.88
1668,2024-10-22,4,1,5.99
1671,2024-02-23,4,4,23.96
1680,2023-09-20,4,14,83.86
1683,2025-09-25,4,11,65.89
1687,2023-10-15,4,5,29.950000000000003
1690,2023-02-05,4,10,59.900000000000006
1692,2023-12-19,4,3,17.97
1694,2024-10-09,4,10,59.900000000000006
1705,2023-05-29,4,7,41.93
1706,2025-02-14,4,7,41.93
1711,2023-12-08,4,1,5.99
1715,2023-12-20,4,8,47.92
1723,2024-09-09,4,11,65.89
1725,2024-10-31,4,9,53.910000000000004
1728,2025-06-30,4,16,95.84
1736,2024-09-21,4,5,29.950000000000003
1750,2024-04-25,4,4,23.96
1753,2023-12-27,4,18,107.82000000000001
1755,2025-02-08,4,16,95.84
1757,2025-08-26,4,19,113.81
1759,2025-04-14,4,3,17.97
1762,2024-02-10,4,1,5.99
1770,2024-11-08,4,9,53.910000000000004
1772,2023-05-14,4,12,71.88
1778,2024-07-31,4,1,5.99
1779,2025-05-08,4,19,113.81
1784,2023-09-10,4,14,83.86
1789,2023-12-02,4,4,23.96
1792,2024-01-16,4,16,95.84
1793,2025-06-17,4,12,71.88
1794,2024-04-27,4,16,95.84
1804,2023-04-02,4,18,107.82000000000001
1814,2024-10-24,4,16,95.84
1818,2025-02-16,4,10,59.900000000000006
1824,2024-04-01,4,15,89.85000000000001
1826,2023-03-24,4,16,95.84
1831,2024-02-04,4,2,11.98
1835,2023-04-11,4,10,59.900000000000006
1839,2023-05-04,4,9,53.910000000000004
1842,2025-02-06,4,13,77.87
1847,2025-09-08,4,11,65.89
1853,2023-09-03,4,4,23.96
1854,2025-01-11,4,4,23.96
1873,2023-11-04,4,13,77.87
1876,2024-05-24,4,8,47.92
1882,2023-01-21,4,15,89.85000000000001
1883,2024-07-07,4,6,35.94
1891,2023-05-09,4,14,83.86
1899,2025-01-28,4,16,95.84
1906,2025-08-13,4,11,65.89
1909,2024-08-03,4,11,65.89
1912,2023-03-28,4,10,59.900000000000006
1921,2023-05-28,4,13,77.87
1924,2024-01-01,4,13,77.87
1926,2024-02-03,4,8,47.92
1930,2024-03-17,4,6,35.94
1931,2025-02-11,4,8,47.92
1933,2024-06-03,4,9,53.910000000000004
1942,2025-08-03,4,14,83.86
1949,2023-07-09,4,2,11.98
1959,2025-06-10,4,10,59.900000000000006
1966,2024-05-02,4,12,71.88
1967,2025-04-25,4,17,101.83
1968,2023-05-04,4,4,23.96
1969,2025-09-11,4,17,101.83
1973,2023-04-23,4,12,71.88
1975,2023-05-02,4,11,65.89
1984,2023-08-26,4,6,35.94
1985,2024-10-08,4,15,89.85000000000001
1987,2023-08-24,4,16,95.84
1989,2023-09-13,4,4,23.96
2007,2024-05-29,4,2,11.98
2013,2023-04-18,4,16,95.84
2025,2025-12-25,4,3,17.97
2028,2025-11-02,4,14,83.86
2030,2025-07-20,4,17,101.83
2050,2025-05-20,4,19,113.81
2055,2023-07-07,4,9,53.910000000000004
2059,2023-09-30,4,16,95.84
2075,2023-07-30,4,7,41.93
2088,2025-04-10,4,5,29.950000000000003
2090,2024-04-20,4,9,53.910000000000004
2091,2025-02-01,4,9,53.910000000000004
2094,2023-06-10,4,16,95.84
2099,2024-02-03,4,6,35.94
2103,2023-05-17,4,19,113.81
2106,2024-05-14,4,8,47.92
2111,2024-12-10,4,14,83.86
2126,2024-10-02,4,16,95.84
2128,2024-09-03,4,12,71.88
2131,2023-07-07,4,18,107.82000000000001
2133,2024-07-01,4,17,101.83
2135,2025-07-14,4,1,5.99
2143,2025-06-24,4,9,53.910000000000004
2144,2023-07-24,4,18,107.82000000000001
2151,2024-11-20,4,16,95.84
2158,2025-06-14,4,15,89.85000000000001
2162,2023-01-21,4,2,11.98
2165,2024-01-06,4,17,101.83
2167,2024-01-19,4,4,23.96
2171,2024-09-20,4,4,23.96
2177,2025-10-11,4,13,77.87
2178,2023-10-16,4,2,11.98
2187,2025-08-23,4,17,101.83
2197,2024-03-10,4,8,47.92
2206,2023-02-01,4,10,59.900000000000006
2212,2025-06-02,4,11,65.89
2220,2025-02-20,4,10,59.900000000000006
2228,2025-12-03,4,18,107.82000000000001
2236,2023-11-03,4,10,59.900000000000006
2238,2024-05-18,4,13,77.87
2242,2024-04-20,4,13,77.87
2243,2023-06-13,4,3,17.97
2249,2023-08-26,4,6,35.94
2255,2025-04-27,4,15,89.85000000000001
2260,2023-02-09,4,6,35.94
2274,2024-06-27,4,19,113.81
2287,2025-07-18,4,10,59.900000000000006
2294,2023-07-30,4,3,17.97
2305,2024-06-29,4,8,47.92
2314,2025-04-16,4,17,101.83
2315,2024-09-11,4,9,53.910000000000004
2322,2025-12-25,4,16,95.84
2325,2023-09-05,4,6,35.94
2326,2023-06-05,4,6,35.94
2345,2025-04-24,4,11,65.89
2351,2024-07-11,4,3,17.97
2353,2023-05-22,4,15,89.85000000000001
2361,2025-05-05,4,6,35.94
2365,2024-10-23,4,4,23.96
2372,2025-12-22,4,17,101.83
2376,2025-07-31,4,13,77.87
2390,2025-09-27,4,4,23.96
2396,2024-05-28,4,18,107.82000000000001
2406,2024-05-08,4,5,29.950000000000003
2410,2025-09-03,4,8,47.92
2412,2024-12-28,4,15,89.85000000000001
2418,2024-03-13,4,1,5.99
2420,2024-07-12,4,10,59.900000000000006
2423,2023-01-26,4,19,113.81
2431,2023-05-12,4,17,101.83
2433,2024-06-23,4,12,71.88
2443,2025-02-18,4,10,59.900000000000006
2447,2023-12-28,4,11,65.89
2472,2025-05-05,4,13,77.87
2476,2024-02-01,4,6,35.94
2478,2025-06-25,4,16,95.84
2485,2024-03-20,4,16,95.84
2488,2025-09-14,4,19,113.81
2494,2024-12-27,4,11,65.89
2498,2024-02-24,4,8,47.92
2515,2024-03-29,4,13,77.87
2517,2024-09-20,4,7,41.93
2533,2023-03-14,4,16,95.84
2541,2024-07-13,4,6,35.94
2544,2024-03-15,4,9,53.910000000000004
2546,2023-01-07,4,17,101.83
2550,2025-07-02,4,4,23.96
2554,2025-03-27,4,7,41.93
2559,2025-04-12,4,19,113.81
2569,2023-05-05,4,4,23.96
2571,2023-09-02,4,4,23.96
2578,2025-11-24,4,10,59.900000000000006
2579,2024-10-07,4,18,107.82000000000001
2581,2023-07-20,4,3,17.97
2589,2025-10-04,4,4,23.96
2590,2023-03-09,4,4,23.96
2599,2025-01-31,4,5,29.950000000000003
2601,2025-07-30,4,9,53.910000000000004
2602,2024-01-18,4,3,17.97
2607,2025-04-15,4,3,17.97
2609,2025-06-27,4,19,113.81
2611,2023-05-19,4,17,101.83
2615,2023-09-30,4,12,71.88
2618,2025-02-25,4,13,77.87
2619,2023-06-14,4,6,35.94
2625,2023-06-13,4,1,5.99
2627,2023-09-24,4,5,29.950000000000003
2628,2023-09-03,4,6,35.94
2631,2025-09-03,4,14,83.86
2633,2024-07-11,4,13,77.87
2636,2023-05-27,4,9,53.910000000000004
2639,2025-03-30,4,18,107.82000000000001
2641,2024-08-04,4,17,101.83
2642,2025-10-19,4,19,113.81
2647,2024-12-04,4,1,5.99
2673,2023-01-22,4,13,77.87
2674,2024-11-13,4,18,107.82000000000001
2684,2025-03-04,4,19,113.81
2685,2023-04-23,4,16,95.84
2692,2025-06-29,4,9,53.910000000000004
2697,2023-09-14,4,19,113.81
2705,2023-07-07,4,9,53.910000000000004
2710,2025-07-24,4,10,59.900000000000006
2712,2023-06-11,4,10,59.900000000000006
2715,2025-11-02,4,6,35.94
2716,2023-07-03,4,4,23.96
2719,2023-10-22,4,18,107.82000000000001
2724,2025-01-02,4,13,77.87
2726,2025-07-01,4,13,77.87
2731,2023-01-31,4,7,41.93
2732,2023-12-03,4,1,5.99
2746,2025-11-19,4,1,5.99
2748,2023-09-17,4,19,113.81
2749,2025-12-18,4,9,53.910000000000004
2754,2025-05-22,4,13,77.87
2762,2025-07-28,4,9,53.910000000000004
2771,2025-03-29,4,3,17.97
2778,2024-04-15,4,15,89.85000000000001
2781,2024-09-23,4,16,95.84
2787,2025-11-02,4,14,83.86
2791,2025-03-03,4,16,95.84
2800,2025-05-22,4,9,53.910000000000004
2816,2025-11-17,4,3,17.97
2819,2024-06-23,4,3,17.97
2820,2024-05-02,4,7,41.93
2824,2023-08-23,4,13,77.87
2829,2024-07-18,4,17,101.83
2830,2025-12-03,4,4,23.96
2837,2023-04-21,4,8,47.92
2843,2024-02-13,4,9,53.910000000000004
2845,2025-05-07,4,5,29.950000000000003
2848,2025-02-22,4,9,53.910000000000004
2850,2023-04-14,4,19,113.81
2863,2024-04-28,4,11,65.89
2867,2024-04-01,4,1,5.99
2868,2023-06-09,4,5,29.950000000000003
2872,2025-09-09,4,3,17.97
2874,2025-12-04,4,7,41.93
2876,2024-10-05,4,3,17.97
2877,2024-09-07,4,15,89.85000000000001
2888,2025-09-06,4,10,59.900000000000006
2902,2025-05-12,4,13,77.87
2903,2024-05-05,4,1,5.99
2905,2024-07-17,4,5,29.950000000000003
2907,2024-07-12,4,14,83.86
2909,2024-05-03,4,4,23.96
2921,2024-03-28,4,5,29.950000000000003
2926,2023-10-29,4,19,113.81
2928,2025-09-16,4,19,113.81
2929,2024-06-03,4,1,5.99
2942,2023-12-23,4,11,65.89
2946,2025-05-19,4,16,95.84
2953,2024-09-10,4,5,29.950000000000003
2958,2024-06-03,4,12,71.88
2959,2023-12-28,4,2,11.98
2960,2023-01-08,4,10,59.900000000000006
2966,2023-07-06,4,9,53.910000000000004
2968,2023-04-03,4,1,5.99
2970,2025-12-03,4,14,83.86
2971,2023-05-17,4,18,107.82000000000001
2974,2023-06-20,4,16,95.84
2975,2023-06-19,4,15,89.85000000000001
2985,2025-01-09,4,15,89.85000000000001
2986,2024-10-28,4,1,5.99
2987,2024-06-29,4,16,95.84
2988,2023-05-09,4,5,29.950000000000003
2991,2023-11-23,4,19,113.81
2993,2024-02-08,4,7,41.93
2995,2024-12-18,4,3,17.97
2,2025-12-31,5,9,17.91
11,2023-12-10,5,1,1.99
19,2025-01-17,5,8,15.92
24,2024-11-30,5,18,35.82
26,2023-07-09,5,13,25.87
28,2024-11-17,5,1,1.99
31,2025-04-11,5,4,7.96
37,2024-08-23,5,16,31.84
40,2023-08-30,5,5,9.95
41,2025-02-15,5,18,35.82
47,2025-02-14,5,13,25.87
48,2023-02-04,5,3,5.97
57,2023-07-21,5,12,23.88
61,2024-03-31,5,6,11.94
64,2024-12-20,5,17,33.83
71,2023-07-07,5,10,19.9
73,2024-05-07,5,9,17.91
74,2025-11-30,5,17,33.83
75,2023-01-15,5,15,29.85
78,2024-10-09,5,19,37.81
81,2024-01-27,5,7,13.93
84,2024-01-14,5,17,33.83
85,2023-08-19,5,7,13.93
95,2024-05-17,5,4,7.96
96,2024-02-11,5,19,37.81
99,2024-11-14,5,18,35.82
106,2025-02-05,5,3,5.97
107,2024-02-02,5,17,33.83
124,2024-06-08,5,16,31.84
125,2024-07-31,5,14,27.86
137,2024-10-10,5,9,17.91
143,2025-08-09,5,18,35.82
145,2023-04-23,5,14,27.86
148,2023-08-08,5,12,23.88
153,2023-09-04,5,6,11.94
169,2024-10-21,5,10,19.9
172,2024-02-07,5,17,33.83
178,2023-12-04,5,2,3.98
180,2024-10-02,5,18,35.82
182,2023-05-31,5,13,25.87
196,2025-03-26,5,3,5.97
207,2023-06-02,5,6,11.94
209,2025-05-27,5,5,9.95
214,2025-03-11,5,6,11.94
217,2024-02-05,5,3,5.97
223,2024-04-14,5,12,23.88
228,2024-07-16,5,14,27.86
231,2023-08-14,5,17,33.83
233,2023-10-11,5,8,15.92
239,2024-10-20,5,13,25.87
244,2024-04-21,5,3,5.97
247,2023-04-09,5,5,9.95
268,2023-06-04,5,3,5.97
278,2025-04-07,5,18,35.82
291,2025-05-03,5,15,29.85
298,2024-11-12,5,15,29.85
301,2025-09-29,5,18,35.82
306,2025-12-12,5,15,29.85
310,2025-05-26,5,18,35.82
320,2024-09-27,5,5,9.95
330,2024-09-25,5,15,29.85
334,2024-05-02,5,19,37.81
348,2025-08-15,5,11,21.89
350,2024-03-28,5,18,35.82
354,2024-03-07,5,7,13.93
358,2023-01-23,5,3,5.97
370,2024-05-11,5,18,35.82
379,2023-10-12,5,10,19.9
386,2025-04-28,5,5,9.95
390,2025-08-27,5,16,31.84
392,2024-02-22,5,3,5.97
402,2025-07-08,5,8,15.92
409,2023-02-06,5,8,15.92
411,2023-08-05,5,18,35.82
420,2023-06-26,5,7,13.93
421,2024-01-31,5,9,17.91
422,2024-03-20,5,8,15.92
426,2024-12-18,5,6,11.94
429,2023-05-24,5,9,17.91
434,2025-08-05,5,8,15.92
442,2024-09-25,5,2,3.98
443,2025-01-02,5,9,17.91
447,2024-08-10,5,3,5.97
448,2025-10-29,5,6,11.94
456,2023-01-29,5,16,31.84
457,2023-12-05,5,1,1.99
460,2023-08-05,5,1,1.99
463,2025-05-25,5,15,29.85
470,2025-01-23,5,1,1.99
471,2025-12-17,5,10,19.9
472,2024-04-20,5,3,5.97
474,2025-04-08,5,16,31.84
476,2025-10-21,5,16,31.84
478,2023-12-14,5,19,37.81
499,2025-01-05,5,18,35.82
508,2023-03-31,5,16,31.84
512,2025-05-18,5,7,13.93
515,2024-05-16,5,4,7.96
516,2025-08-16,5,13,25.87
518,2024-04-05,5,3,5.97
519,2025-01-01,5,16,31.84
520,2025-01-21,5,4,7.96
523,2024-01-25,5,1,1.99
524,2025-06-01,5,5,9.95
530,2025-03-08,5,4,7.96
537,2023-08-12,5,18,35.82
539,2025-05-02,5,4,7.96
540,2023-03-04,5,12,23.88
548,2025-04-02,5,14,27.86
555,2024-11-07,5,1,1.99
560,2023-02-20,5,2,3.98
563,2024-03-24,5,19,37.81
575,2023-09-25,5,10,19.9
578,2024-01-24,5,17,33.83
579,2025-09-16,5,5,9.95
581,2024-02-05,5,10,19.9
584,2025-07-07,5,1,1.99
604,2023-03-22,5,3,5.97
610,2025-02-23,5,10,19.9
611,2025-09-10,5,18,35.82
616,2023-05-06,5,14,27.86
619,2025-01-30,5,8,15.92
624,2025-06-18,5,5,9.95
628,2024-11-02,5,1,1.99
632,2025-10-25,5,3,5.97
633,2024-08-26,5,9,17.91
637,2024-10-06,5,4,7.96
638,2023-08-21,5,19,37.81
642,2024-06-29,5,3,5.97
661,2023-02-25,5,6,11.94
663,2024-06-09,5,13,25.87
665,2023-01-28,5,6,11.94
667,2023-12-31,5,17,33.83
671,2025-06-01,5,4,7.96
675,2025-01-19,5,2,3.98
681,2023-01-28,5,18,35.82
682,2024-12-14,5,11,21.89
683,2025-11-28,5,8,15.92
685,2023-05-06,5,15,29.85
690,2023-03-08,5,5,9.95
691,2023-08-21,5,11,21.89
696,2023-02-03,5,19,37.81
701,2024-09-04,5,1,1.99
703,2023-11-11,5,5,9.95
706,2023-10-04,5,15,29.85
709,2025-04-22,5,12,23.88
710,2023-12-16,5,8,15.92
716,2025-11-29,5,15,29.85
720,2023-01-06,5,1,1.99
729,2024-07-27,5,1,1.99
730,2023-07-13,5,17,33.83
731,2025-04-26,5,6,11.94
736,2025-04-15,5,18,35.82
737,2024-12-24,5,6,11.94
742,2024-07-12,5,10,19.9
750,2025-06-20,5,14,27.86
752,2023-01-10,5,16,31.84
754,2023-06-21,5,8,15.92
764,2023-11-30,5,19,37.81
769,2025-05-22,5,10,19.9
771,2025-03-08,5,16,31.84
784,2025-03-10,5,1,1.99
796,2025-11-28,5,11,21.89
797,2023-07-17,5,14,27.86
799,2024-01-26,5,16,31.84
808,2025-09-23,5,2,3.98
814,2025-05-14,5,14,27.86
817,2023-08-16,5,3,5.97
822,2023-11-20,5,10,19.9
826,2024-09-18,5,13,25.87
829,2023-03-10,5,3,5.97
834,2023-01-23,5,14,27.86
847,2025-09-30,5,11,21.89
850,2025-06-06,5,9,17.91
854,2025-10-10,5,5,9.95
860,2025-09-09,5,6,11.94
861,2025-04-04,5,9,17.91
863,2024-07-20,5,1,1.99
870,2023-04-27,5,16,31.84
880,2024-10-01,5,5,9.95
883,2025-05-25,5,8,15.92
890,2023-03-04,5,10,19.9
896,2025-08-24,5,9,17.91
898,2024-11-19,5,18,35.82
910,2023-02-01,5,17,33.83
911,2024-10-31,5,18,35.82
914,2023-10-13,5,5,9.95
916,2023-01-18,5,3,5.97
923,2023-04-24,5,11,21.89
926,2025-07-13,5,19,37.81
930,2023-06-11,5,14,27.86
932,2023-02-24,5,7,13.93
941,2024-08-01,5,5,9.95
942,2025-12-10,5,2,3.98
946,2024-05-05,5,11,21.89
950,2024-04-13,5,7,13.93
951,2025-06-28,5,16,31.84
957,2025-02-13,5,17,33.83
962,2023-03-23,5,17,33.83
967,2025-10-19,5,6,11.94
971,2023-09-18,5,1,1.99
972,2025-03-15,5,1,1.99
976,2025-07-28,5,2,3.98
980,2024-09-23,5,14,27.86
982,2023-05-08,5,14,27.86
984,2024-12-21,5,17,33.83
986,2024-06-04,5,8,15.92
987,2024-07-05,5,4,7.96
995,2025-03-15,5,3,5.97
1009,2024-12-31,5,11,21.89
1023,2024-11-23,5,2,3.98
1024,2025-03-04,5,8,15.92
1025,2023-01-29,5,11,21.89
1027,2023-01-11,5,18,35.82
1028,2024-11-06,5,18,35.82
1036,2025-01-27,5,12,23.88
1046,2024-12-13,5,16,31.84
1055,2023-04-18,5,19,37.81
1079,2024-02-05,5,12,23.88
1091,2025-09-16,5,15,29.85
1099,2023-07-07,5,7,13.93
1112,2023-01-16,5,4,7.96
1117,2024-06-29,5,2,3.98
1118,2024-02-18,5,8,15.92
1121,2025-11-28,5,5,9.95
1126,2023-11-14,5,7,13.93
1129,2024-11-27,5,6,11.94
1136,2024-01-24,5,6,11.94
1146,2024-08-07,5,3,5.97
1147,2024-02-03,5,7,13.93
1149,2025-08-21,5,14,27.86
1150,2023-07-06,5,2,3.98
1151,2023-03-02,5,10,19.9
1153,2024-12-10,5,9,17.91
1154,2025-03-17,5,16,31.84
1155,2023-01-11,5,19,37.81
1167,2023-09-16,5,8,15.92
1169,2025-12-06,5,4,7.96
1170,2024-12-27,5,19,37.81
1175,2025-04-29,5,16,31.84
1181,2025-06-11,5,18,35.82
1187,2025-07-09,5,11,21.89
1190,2024-06-04,5,2,3.98
1194,2025-09-01,5,1,1.99
1197,2025-07-02,5,12,23.88
1199,2023-02-06,5,5,9.95
1200,2025-08-30,5,1,1.99
1202,2025-08-30,5,6,11.94
1204,2025-11-29,5,8,15.92
1207,2023-12-15,5,1,1.99
1213,2023-12-02,5,8,15.92
1222,2023-07-10,5,3,5.97
1236,2023-12-22,5,5,9.95
1237,2024-08-11,5,8,15.92
1244,2024-03-23,5,14,27.86
1246,2023-12-31,5,9,17.91
1251,2024-08-08,5,10,19.9
1254,2023-12-01,5,13,25.87
1259,2024-04-28,5,10,19.9
1264,2025-07-06,5,11,21.89
1270,2023-07-29,5,4,7.96
1271,2023-11-02,5,7,13.93
1272,2024-12-04,5,14,27.86
1276,2025-02-01,5,4,7.96
1277,2025-08-05,5,12,23.88
1279,2024-04-04,5,13,25.87
1282,2025-06-25,5,4,7.96
1287,2024-04-03,5,7,13.93
1301,2025-09-15,5,17,33.83
1306,2024-07-23,5,8,15.92
1321,2023-12-15,5,5,9.95
1322,2025-08-17,5,13,25.87
1327,2024-06-10,5,7,13.93
1342,2024-12-21,5,16,31.84
1343,2023-03-13,5,14,27.86
1344,2023-10-01,5,16,31.84
1357,2025-12-05,5,4,7.96
1366,2025-03-11,5,12,23.88
1375,2025-09-20,5,6,11.94
1378,2024-03-03,5,16,31.84
1381,2023-01-09,5,10,19.9
1382,2025-02-12,5,12,23.88
1386,2023-04-21,5,16,31.84
1388,2024-01-18,5,8,15.92
1390,2024-04-03,5,14,27.86
1393,2023-01-22,5,18,35.82
1394,2024-02-14,5,2,3.98
1395,2025-06-13,5,11,21.89
1400,2025-08-28,5,18,35.82
1402,2025-10-10,5,17,33.83
1403,2025-11-01,5,14,27.86
1406,2023-05-02,5,6,11.94
1412,2023-11-03,5,10,19.9
1414,2024-10-23,5,18,35.82
1417,2025-05-22,5,17,33.83
1419,2025-07-12,5,10,19.9
1434,2024-06-15,5,3,5.97
1437,2025-08-04,5,19,37.81
1440,2025-05-15,5,16,31.84
1443,2025-07-20,5,18,35.82
1452,2025-03-04,5,7,13.93
1453,2023-04-10,5,14,27.86
1455,2024-04-22,5,17,33.83
1464,2024-07-06,5,11,21.89
1468,2024-05-18,5,4,7.96
1479,2023-10-14,5,7,13.93
1491,2025-06-04,5,16,31.84
1505,2023-04-29,5,11,21.89
1510,2025-04-16,5,6,11.94
1513,2025-11-01,5,7,13.93
1514,2024-05-04,5,2,3.98
1544,2025-03-24,5,5,9.95
1546,2025-10-21,5,4,7.96
1549,2023-12-27,5,5,9.95
1550,2025-10-06,5,7,13.93
1552,2024-07-28,5,14,27.86
1558,2025-08-28,5,16,31.84
1560,2023-01-19,5,3,5.97
1564,2025-04-01,5,15,29.85
1569,2023-05-23,5,13,25.87
1572,2024-08-27,5,13,25.87
1574,2025-01-05,5,3,5.97
1578,2025-08-25,5,3,5.97
1579,2025-08-31,5,16,31.84
1585,2023-11-24,5,8,15.92
1586,2025-03-26,5,17,33.83
1592,2025-09-01,5,6,11.94
1597,2024-05-12,5,5,9.95
1601,2025-10-01,5,18,35.82
1603,2024-02-11,5,15,29.85
1606,2023-12-02,5,16,31.84
1607,2024-02-03,5,6,11.94
1616,2025-08-21,5,11,21.89
1623,2024-10-31,5,4,7.96
1627,2023-03-31,5,9,17.91
1629,2025-11-28,5,9,17.91
1635,2023-10-25,5,11,21.89
1640,2023-05-21,5,13,25.87
1647,2024-01-13,5,15,29.85
1649,2024-08-06,5,18,35.82
1650,2023-06-01,5,9,17.91
1655,2024-10-25,5,7,13.93
1656,2024-06-14,5,6,11.94
1665,2024-04-27,5,4,7.96
1689,2025-10-02,5,7,13.93
1697,2025-09-25,5,15,29.85
1698,2024-12-08,5,10,19.9
1699,2024-07-14,5,10,19.9
1701,2025-08-13,5,1,1.99
1703,2024-03-03,5,2,3.98
1713,2025-02-08,5,19,37.81
1720,2025-10-13,5,18,35.82
1729,2025-11-01,5,15,29.85
1730,2024-10-18,5,7,13.93
1735,2024-09-18,5,19,37.81
1747,2024-04-04,5,10,19.9
1754,2023-12-07,5,2,3.98
1766,2024-05-04,5,15,29.85
1768,2024-07-14,5,5,9.95
1780,2023-05-10,5,6,11.94
1785,2025-04-01,5,4,7.96
1797,2024-04-26,5,6,11.94
1798,2025-07-05,5,10,19.9
1803,2023-05-08,5,7,13.93
1806,2025-04-25,5,7,13.93
1808,2024-03-22,5,15,29.85
1813,2025-12-19,5,14,27.86
1817,2025-10-07,5,7,13.93
1819,2023-12-11,5,1,1.99
1822,2024-11-20,5,5,9.95
1825,2025-09-09,5,17,33.83
1832,2025-02-02,5,13,25.87
1845,2023-06-04,5,6,11.94
1851,2024-01-21,5,5,9.95
1859,2025-11-02,5,2,3.98
1860,2023-08-01,5,11,21.89
1861,2023-08-30,5,10,19.9
1863,2023-12-04,5,18,35.82
1868,2025-09-21,5,12,23.88
1874,2023-07-02,5,15,29.85
1877,2024-06-29,5,10,19.9
1878,2024-09-15,5,14,27.86
1885,2024-09-16,5,11,21.89
1887,2023-07-11,5,18,35.82
1888,2023-01-17,5,10,19.9
1892,2024-07-25,5,19,37.81
1893,2023-01-29,5,10,19.9
1898,2024-12-15,5,15,29.85
1915,2025-04-24,5,15,29.85
1919,2024-10-25,5,16,31.84
1938,2025-07-09,5,3,5.97
1939,2023-11-25,5,10,19.9
1940,2025-08-19,5,15,29.85
1947,2024-01-13,5,16,31.84
1950,2025-02-05,5,11,21.89
1956,2025-02-19,5,2,3.98
1958,2023-12-17,5,8,15.92
1976,2023-02-08,5,3,5.97
1978,2025-02-18,5,14,27.86
1983,2023-10-29,5,8,15.92
1988,2023-07-22,5,16,31.84
1990,2024-08-20,5,11,21.89
1992,2023-08-23,5,9,17.91
1999,2024-03-11,5,10,19.9
2003,2024-04-05,5,19,37.81
2006,2024-11-26,5,13,25.87
2017,2024-05-29,5,13,25.87
2018,2024-03-24,5,15,29.85
2020,2024-04-17,5,16,31.84
2022,2023-10-29,5,17,33.83
2023,2023-08-19,5,11,21.89
2026,2025-07-25,5,12,23.88
2027,2023-04-22,5,16,31.84
2039,2025-11-09,5,1,1.99
2040,2024-08-09,5,13,25.87
2044,2023-05-12,5,10,19.9
2051,2024-02-09,5,2,3.98
2052,2023-07-21,5,1,1.99
2057,2025-07-29,5,5,9.95
2064,2024-11-28,5,3,5.97
2079,2025-09-24,5,17,33.83
2080,2025-07-15,5,5,9.95
2081,2025-05-17,5,7,13.93
2092,2025-08-28,5,7,13.93
2096,2023-07-17,5,13,25.87
2104,2024-08-24,5,9,17.91
2105,2025-04-16,5,13,25.87
2109,2025-08-30,5,11,21.89
2110,2023-09-11,5,12,23.88
2113,2025-01-26,5,1,1.99
2115,2025-07-10,5,19,37.81
2119,2024-12-04,5,9,17.91
2122,2024-09-29,5,11,21.89
2123,2025-01-12,5,12,23.88
2125,2025-07-19,5,12,23.88
2127,2025-03-02,5,5,9.95
2129,2025-03-19,5,11,21.89
2136,2025-05-25,5,17,33.83
2137,2024-09-09,5,8,15.92
2140,2023-06-12,5,9,17.91
2146,2025-04-20,5,1,1.99
2149,2025-05-24,5,14,27.86
2159,2023-05-22,5,19,37.81
2182,2025-08-11,5,15,29.85
2183,2023-02-12,5,10,19.9
2190,2025-04-21,5,5,9.95
2200,2023-12-10,5,12,23.88
2203,2023-08-31,5,7,13.93
2209,2024-06-15,5,5,9.95
2211,2025-12-27,5,18,35.82
2216,2023-08-01,5,4,7.96
2225,2025-05-30,5,1,1.99
2229,2025-10-08,5,11,21.89
2234,2024-01-14,5,6,11.94
2239,2023-09-25,5,9,17.91
2240,2023-01-08,5,7,13.93
2251,2025-04-07,5,1,1.99
2254,2025-02-13,5,2,3.98
2257,2025-05-26,5,19,37.81
2262,2025-07-17,5,5,9.95
2265,2025-10-20,5,18,35.82
2266,2024-09-04,5,19,37.81
2271,2025-09-16,5,11,21.89
2273,2024-01-01,5,19,37.81
2275,2024-10-10,5,19,37.81
2276,2025-03-24,5,13,25.87
2277,2025-11-05,5,14,27.86
2279,2025-10-09,5,12,23.88
2288,2025-10-18,5,3,5.97
2292,2023-09-22,5,6,11.94
2293,2024-10-07,5,8,15.92
2297,2024-12-25,5,16,31.84
2299,2024-08-10,5,3,5.97
2307,2023-11-03,5,18,35.82
2316,2025-05-11,5,19,37.81
2331,2023-01-01,5,17,33.83
2333,2025-05-04,5,15,29.85
2335,2023-07-10,5,14,27.86
2337,2024-03-17,5,11,21.89
2356,2025-04-19,5,16,31.84
2357,2024-12-02,5,7,13.93
2374,2024-09-24,5,15,29.85
2377,2025-10-08,5,9,17.91
2394,2023-03-09,5,16,31.84
2397,2024-11-25,5,17,33.83
2398,2025-11-05,5,13,25.87
2399,2024-04-21,5,1,1.99
2404,2025-11-24,5,13,25.87
2405,2025-02-17,5,1,1.99
2408,2025-10-09,5,17,33.83
2419,2023-06-23,5,10,19.9
2422,2024-10-20,5,17,33.83
2428,2024-06-16,5,17,33.83
2430,2023-06-28,5,4,7.96
2435,2023-03-17,5,3,5.97
2439,2023-12-13,5,17,33.83
2442,2024-07-26,5,14,27.86
2448,2024-03-16,5,6,11.94
2451,2025-05-16,5,1,1.99
2452,2023-05-22,5,9,17.91
2456,2025-09-24,5,19,37.81
2460,2024-02-08,5,9,17.91
2471,2024-07-06,5,17,33.83
2477,2025-02-17,5,11,21.89
2496,2025-09-16,5,2,3.98
2504,2024-10-16,5,16,31.84
2506,2025-08-16,5,10,19.9
2508,2023-07-21,5,8,15.92
2511,2023-07-29,5,13,25.87
2520,2023-09-15,5,13,25.87
2524,2025-09-12,5,18,35.82
2525,2024-07-27,5,18,35.82
2527,2023-08-11,5,1,1.99
2529,2023-10-04,5,16,31.84
2534,2025-11-19,5,14,27.86
2535,2023-07-14,5,15,29.85
2540,2023-12-26,5,17,33.83
2548,2025-04-12,5,5,9.95
2551,2025-10-03,5,4,7.96
2562,2025-07-14,5,3,5.97
2580,2025-02-24,5,1,1.99
2582,2024-01-04,5,12,23.88
2588,2023-04-19,5,1,1.99
2598,2025-06-17,5,4,7.96
2603,2025-09-30,5,6,11.94
2613,2024-03-10,5,17,33.83
2617,2025-01-31,5,1,1.99
2623,2024-10-18,5,6,11.94
2637,2024-10-27,5,13,25.87
2638,2024-09-11,5,3,5.97
2644,2024-02-11,5,13,25.87
2649,2024-05-13,5,3,5.97
2651,2023-03-23,5,13,25.87
2653,2025-02-10,5,7,13.93
2657,2025-12-07,5,8,15.92
2658,2024-05-25,5,15,29.85
2659,2023-04-26,5,4,7.96
2662,2025-05-30,5,1,1.99
2665,2023-05-27,5,2,3.98
2666,2024-03-18,5,1,1.99
2670,2023-10-14,5,1,1.99
2687,2024-10-08,5,14,27.86
2690,2023-01-25,5,1,1.99
2694,2024-10-09,5,2,3.98
2701,2025-03-12,5,7,13.93
2711,2024-01-10,5,9,17.91
2714,2024-03-25,5,17,33.83
2717,2023-04-21,5,3,5.97
2720,2025-06-22,5,4,7.96
2722,2024-09-23,5,17,33.83
2723,2025-11-16,5,5,9.95
2730,2024-12-26,5,5,9.95
2740,2024-02-16,5,1,1.99
2741,2025-10-08,5,10,19.9
2763,2025-06-07,5,5,9.95
2765,2024-09-24,5,18,35.82
2769,2024-09-03,5,19,37.81
2775,2024-09-15,5,18,35.82
2777,2024-02-05,5,1,1.99
2779,2023-08-06,5,18,35.82
2789,2024-06-06,5,16,31.84
2795,2025-07-01,5,5,9.95
2802,2025-11-02,5,3,5.97
2806,2023-01-31,5,9,17.91
2808,2024-10-10,5,18,35.82
2810,2025-08-09,5,7,13.93
2822,2025-12-24,5,13,25.87
2823,2023-12-22,5,10,19.9
2826,2023-02-18,5,9,17.91
2832,2024-07-11,5,9,17.91
2833,2025-05-17,5,2,3.98
2834,2024-02-02,5,18,35.82
2838,2024-09-05,5,1,1.99
2840,2025-06-02,5,12,23.88
2846,2023-08-18,5,5,9.95
2852,2023-06-24,5,2,3.98
2853,2025-01-14,5,10,19.9
2854,2024-10-26,5,16,31.84
2855,2023-02-02,5,5,9.95
2856,2023-02-24,5,15,29.85
2857,2024-06-02,5,13,25.87
2860,2024-12-20,5,15,29.85
2862,2024-01-08,5,8,15.92
2864,2025-08-30,5,18,35.82
2870,2025-02-14,5,1,1.99
2875,2025-12-18,5,4,7.96
2879,2024-05-03,5,3,5.97
2882,2024-02-16,5,11,21.89
2884,2024-05-30,5,17,33.83
2889,2024-03-09,5,19,37.81
2892,2023-08-21,5,11,21.89
2897,2023-09-24,5,19,37.81
2898,2024-04-05,5,13,25.87
2910,2024-11-16,5,7,13.93
2913,2023-12-27,5,4,7.96
2914,2024-04-03,5,19,37.81
2922,2024-08-20,5,6,11.94
2924,2023-07-29,5,13,25.87
2930,2024-05-07,5,8,15.92
2956,2024-03-25,5,9,17.91
2969,2023-03-27,5,10,19.9
2973,2023-03-15,5,18,35.82
2976,2025-05-21,5,16,31.84
2977,2023-11-18,5,8,15.92
2980,2025-02-28,5,7,13.93
2981,2024-09-04,5,17,33.83
2983,2023-12-15,5,19,37.81
2990,2024-08-27,5,10,19.9
2994,2024-09-20,5,14,27.86
2999,2023-04-26,5,2,3.98
3,2025-11-10,3,13,45.370000000000005
15,2023-10-04,3,17,59.330000000000005
16,2024-04-04,3,9,31.410000000000004
29,2025-08-15,3,11,38.39
30,2024-07-16,3,17,59.330000000000005
32,2024-10-08,3,12,41.88
35,2023-06-16,3,1,3.49
36,2024-01-23,3,7,24.43
50,2025-10-22,3,3,10.47
53,2024-12-03,3,3,10.47
56,2023-06-11,3,13,45.370000000000005
59,2023-09-27,3,2,6.98
60,2025-03-26,3,16,55.84
67,2025-12-12,3,2,6.98
87,2023-02-10,3,8,27.92
88,2025-11-17,3,13,45.370000000000005
92,2025-07-18,3,12,41.88
101,2025-08-18,3,19,66.31
102,2024-09-04,3,12,41.88
104,2025-10-25,3,17,59.330000000000005
109,2025-03-05,3,15,52.35
112,2025-11-04,3,3,10.47
116,2024-07-17,3,1,3.49
123,2025-11-25,3,18,62.82000000000001
129,2024-10-07,3,18,62.82000000000001
134,2024-09-19,3,4,13.96
141,2024-03-17,3,19,66.31
149,2025-05-04,3,2,6.98
156,2023-05-03,3,1,3.49
162,2023-07-17,3,18,62.82000000000001
163,2025-09-08,3,10,34.900000000000006
165,2023-05-24,3,12,41.88
171,2025-08-12,3,12,41.88
173,2023-05-27,3,4,13.96
177,2024-07-04,3,7,24.43
181,2024-04-17,3,6,20.94
183,2023-09-20,3,19,66.31
184,2023-05-24,3,2,6.98
186,2024-09-15,3,15,52.35
187,2025-10-13,3,14,48.86
194,2025-10-11,3,10,34.900000000000006
197,2023-07-27,3,12,41.88
199,2023-06-01,3,17,59.330000000000005
200,2023-02-23,3,7,24.43
208,2025-07-02,3,19,66.31
210,2023-12-04,3,10,34.900000000000006
218,2024-10-01,3,4,13.96
222,2025-08-12,3,3,10.47
224,2025-11-11,3,8,27.92
230,2023-01-27,3,6,20.94
253,2024-08-29,3,12,41.88
256,2023-07-10,3,1,3.49
257,2023-09-10,3,8,27.92
261,2023-01-18,3,3,10.47
266,2025-05-03,3,10,34.900000000000006
267,2025-08-19,3,2,6.98
270,2025-02-23,3,11,38.39
274,2024-06-21,3,2,6.98
276,2024-02-12,3,9,31.410000000000004
280,2023-02-05,3,12,41.88
281,2024-11-15,3,7,24.43
286,2024-10-15,3,6,20.94
288,2024-04-15,3,6,20.94
294,2023-05-30,3,5,17.450000000000003
299,2025-04-17,3,5,17.450000000000003
300,2025-12-13,3,7,24.43
302,2024-03-19,3,6,20.94
315,2025-04-02,3,2,6.98
325,2025-01-10,3,10,34.900000000000006
327,2025-03-01,3,6,20.94
329,2025-12-17,3,2,6.98
335,2025-06-15,3,7,24.43
337,2024-08-03,3,3,10.47
339,2025-05-10,3,1,3.49
342,2025-09-23,3,1,3.49
355,2023-12-07,3,1,3.49
357,2023-12-23,3,6,20.94
360,2025-03-12,3,2,6.98
363,2025-02-07,3,10,34.900000000000006
367,2025-03-02,3,2,6.98
369,2023-09-15,3,10,34.900000000000006
371,2025-06-14,3,12,41.88
374,2024-11-20,3,15,52.35
375,2024-01-15,3,6,20.94
380,2024-02-01,3,5,17.450000000000003
389,2024-08-27,3,1,3.49
394,2024-09-08,3,13,45.370000000000005
395,2025-04-05,3,16,55.84
401,2024-04-01,3,11,38.39
406,2025-10-05,3,6,20.94
412,2025-05-16,3,16,55.84
416,2024-12-29,3,16,55.84
428,2025-04-30,3,1,3.49
431,2025-12-28,3,19,66.31
432,2024-01-31,3,17,59.330000000000005
439,2025-12-01,3,4,13.96
459,2024-05-25,3,17,59.330000000000005
461,2025-12-29,3,13,45.370000000000005
467,2023-02-08,3,12,41.88
483,2025-07-22,3,11,38.39
485,2023-02-27,3,15,52.35
489,2025-03-25,3,5,17.450000000000003
495,2024-10-17,3,2,6.98
496,2024-04-15,3,7,24.43
498,2025-11-01,3,10,34.900000000000006
503,2025-08-29,3,12,41.88
504,2024-10-29,3,7,24.43
511,2025-01-01,3,9,31.410000000000004
527,2024-03-25,3,13,45.370000000000005
534,2024-01-09,3,18,62.82000000000001
536,2023-05-26,3,9,31.410000000000004
538,2023-06-26,3,2,6.98
541,2025-04-06,3,7,24.43
551,2024-12-09,3,2,6.98
553,2025-11-12,3,14,48.86
556,2024-12-14,3,3,10.47
557,2023-03-24,3,7,24.43
561,2024-11-15,3,19,66.31
562,2024-12-17,3,9,31.410000000000004
566,2023-02-03,3,16,55.84
582,2024-09-15,3,9,31.410000000000004
585,2025-05-02,3,4,13.96
586,2024-07-31,3,4,13.96
587,2023-03-16,3,18,62.82000000000001
588,2024-03-10,3,9,31.410000000000004
590,2025-02-02,3,14,48.86
593,2023-04-08,3,10,34.900000000000006
595,2025-05-08,3,4,13.96
596,2024-03-10,3,18,62.82000000000001
597,2024-03-22,3,18,62.82000000000001
615,2023-07-24,3,4,13.96
617,2023-02-12,3,1,3.49
620,2025-04-27,3,12,41.88
627,2023-04-03,3,10,34.900000000000006
639,2024-06-07,3,13,45.370000000000005
640,2023-12-12,3,7,24.43
643,2025-03-04,3,9,31.410000000000004
648,2025-12-15,3,15,52.35
654,2025-11-15,3,10,34.900000000000006
659,2023-10-30,3,5,17.450000000000003
660,2024-09-30,3,7,24.43
668,2024-10-27,3,10,34.900000000000006
684,2023-03-27,3,2,6.98
689,2023-01-25,3,19,66.31
694,2023-08-16,3,19,66.31
697,2024-09-14,3,18,62.82000000000001
700,2024-02-29,3,9,31.410000000000004
702,2024-11-22,3,19,66.31
705,2024-10-23,3,1,3.49
707,2024-09-15,3,16,55.84
708,2024-05-30,3,7,24.43
712,2025-01-28,3,10,34.900000000000006
714,2023-08-31,3,17,59.330000000000005
715,2024-06-26,3,5,17.450000000000003
717,2023-08-17,3,13,45.370000000000005
718,2024-07-01,3,1,3.49
721,2024-04-12,3,11,38.39
725,2023-04-28,3,13,45.370000000000005
727,2024-05-18,3,1,3.49
728,2025-08-04,3,16,55.84
733,2025-11-15,3,17,59.330000000000005
738,2023-08-13,3,10,34.900000000000006
739,2024-06-15,3,18,62.82000000000001
743,2023-01-01,3,17,59.330000000000005
746,2023-11-16,3,6,20.94
747,2023-05-19,3,7,24.43
751,2024-11-20,3,19,66.31
753,2023-09-18,3,7,24.43
762,2023-11-14,3,13,45.370000000000005
763,2023-08-24,3,2,6.98
766,2024-08-10,3,3,10.47
768,2025-07-06,3,3,10.47
773,2023-01-05,3,19,66.31
777,2023-05-12,3,9,31.410000000000004
789,2025-09-19,3,2,6.98
790,2024-10-26,3,5,17.450000000000003
793,2024-05-17,3,16,55.84
804,2024-02-24,3,16,55.84
806,2024-07-03,3,17,59.330000000000005
813,2024-05-31,3,3,10.47
815,2025-03-16,3,16,55.84
816,2025-03-25,3,1,3.49
819,2025-08-05,3,9,31.410000000000004
820,2023-01-15,3,6,20.94
835,2025-03-25,3,5,17.450000000000003
836,2023-12-12,3,9,31.410000000000004
842,2025-08-15,3,1,3.49
849,2025-10-04,3,8,27.92
853,2024-08-26,3,7,24.43
868,2023-07-21,3,19,66.31
872,2024-07-28,3,3,10.47
886,2023-01-25,3,18,62.82000000000001
895,2025-12-08,3,12,41.88
902,2025-12-22,3,15,52.35
905,2025-09-16,3,5,17.450000000000003
908,2025-08-09,3,10,34.900000000000006
915,2025-11-08,3,16,55.84
924,2025-08-04,3,17,59.330000000000005
927,2023-02-24,3,7,24.43
929,2025-02-16,3,18,62.82000000000001
934,2025-04-12,3,18,62.82000000000001
936,2025-01-28,3,1,3.49
937,2024-03-18,3,17,59.330000000000005
940,2025-01-30,3,3,10.47
966,2025-01-15,3,9,31.410000000000004
968,2024-12-07,3,3,10.47
970,2024-01-31,3,7,24.43
985,2024-06-09,3,14,48.86
989,2024-05-08,3,13,45.370000000000005
1003,2025-11-06,3,16,55.84
1004,2025-09-24,3,7,24.43
1012,2023-09-25,3,15,52.35
1015,2025-06-24,3,12,41.88
1017,2025-09-07,3,15,52.35
1018,2024-12-02,3,4,13.96
1019,2024-09-25,3,18,62.82000000000001
1029,2023-07-06,3,14,48.86
1032,2023-04-08,3,9,31.410000000000004
1033,2023-02-24,3,3,10.47
1034,2024-09-14,3,11,38.39
1037,2024-02-10,3,3,10.47
1039,2025-01-20,3,14,48.86
1041,2023-12-31,3,7,24.43
1043,2023-07-20,3,11,38.39
1047,2023-10-23,3,12,41.88
1052,2023-01-25,3,14,48.86
1062,2025-03-27,3,17,59.330000000000005
1065,2023-11-26,3,2,6.98
1066,2023-01-12,3,6,20.94
1076,2025-02-16,3,17,59.330000000000005
1082,2024-01-26,3,6,20.94
1089,2024-12-27,3,8,27.92
1090,2024-08-16,3,15,52.35
1092,2024-01-07,3,11,38.39
1094,2025-09-21,3,18,62.82000000000001
1096,2024-09-06,3,12,41.88
1110,2025-07-09,3,13,45.370000000000005
1131,2024-01-12,3,10,34.900000000000006
1134,2025-07-09,3,16,55.84
1138,2023-01-03,3,3,10.47
1139,2024-01-11,3,12,41.88
1145,2025-08-06,3,8,27.92
1152,2025-07-27,3,19,66.31
1157,2023-08-14,3,9,31.410000000000004
1161,2023-08-14,3,14,48.86
1162,2025-04-04,3,12,41.88
1168,2023-02-23,3,10,34.900000000000006
1189,2023-06-19,3,12,41.88
1198,2024-03-29,3,8,27.92
1201,2025-03-06,3,15,52.35
1205,2023-08-12,3,13,45.370000000000005
1216,2024-07-24,3,9,31.410000000000004
1224,2024-11-30,3,2,6.98
1225,2023-01-07,3,14,48.86
1227,2024-07-10,3,16,55.84
1229,2025-01-30,3,7,24.43
1230,2025-11-20,3,11,38.39
1233,2024-11-02,3,14,48.86
1239,2025-12-05,3,15,52.35
1242,2025-05-15,3,1,3.49
1248,2025-10-04,3,17,59.330000000000005
1256,2025-09-15,3,15,52.35
1257,2023-10-05,3,14,48.86
1262,2025-11-06,3,9,31.410000000000004
1266,2025-06-04,3,10,34.900000000000006
1275,2024-12-16,3,1,3.49
1290,2024-05-30,3,7,24.43
1291,2024-02-01,3,10,34.900000000000006
1293,2025-06-05,3,8,27.92
1294,2025-03-07,3,9,31.410000000000004
1300,2025-01-17,3,12,41.88
1302,2023-01-21,3,2,6.98
1305,2023-03-25,3,15,52.35
1307,2025-07-22,3,15,52.35
1309,2025-03-03,3,10,34.900000000000006
1316,2024-06-03,3,13,45.370000000000005
1320,2024-01-22,3,11,38.39
1335,2025-10-10,3,8,27.92
1339,2024-08-06,3,17,59.330000000000005
1340,2024-01-30,3,10,34.900000000000006
1341,2025-12-23,3,12,41.88
1351,2023-04-12,3,16,55.84
1352,2025-02-17,3,19,66.31
1354,2024-02-05,3,6,20.94
1356,2025-06-07,3,9,31.410000000000004
1358,2024-08-14,3,12,41.88
1362,2025-07-24,3,9,31.410000000000004
1370,2023-07-13,3,6,20.94
1371,2025-05-20,3,12,41.88
1372,2023-03-31,3,11,38.39
1376,2023-04-16,3,5,17.450000000000003
1396,2024-05-29,3,8,27.92
1399,2023-01-14,3,2,6.98
1404,2023-03-28,3,7,24.43
1415,2024-07-02,3,13,45.370000000000005
1418,2025-12-18,3,4,13.96
1425,2025-06-21,3,2,6.98
1426,2025-05-11,3,4,13.96
1436,2023-06-01,3,19,66.31
1448,2024-06-13,3,17,59.330000000000005
1450,2025-06-29,3,13,45.370000000000005
1454,2025-01-21,3,1,3.49
1457,2024-06-09,3,5,17.450000000000003
1465,2023-11-14,3,9,31.410000000000004
1467,2023-01-14,3,3,10.47
1475,2023-09-18,3,16,55.84
1485,2025-05-11,3,11,38.39
1487,2025-08-29,3,7,24.43
1489,2023-11-09,3,11,38.39
1490,2024-07-29,3,2,6.98
1492,2024-11-17,3,7,24.43
1494,2023-11-01,3,5,17.450000000000003
1496,2024-09-11,3,12,41.88
1518,2023-05-06,3,17,59.330000000000005
1519,2023-08-05,3,5,17.450000000000003
1537,2024-03-02,3,14,48.86
1540,2025-01-13,3,4,13.96
1568,2024-12-11,3,17,59.330000000000005
1570,2025-07-05,3,1,3.49
1571,2025-04-07,3,5,17.450000000000003
1575,2023-10-18,3,15,52.35
1587,2024-03-29,3,11,38.39
1589,2024-10-26,3,10,34.900000000000006
1590,2023-01-12,3,10,34.900000000000006
1593,2025-02-21,3,4,13.96
1596,2023-12-09,3,13,45.370000000000005
1598,2023-12-30,3,6,20.94
1600,2024-03-02,3,6,20.94
1609,2024-12-15,3,3,10.47
1614,2024-04-14,3,12,41.88
1615,2025-02-25,3,6,20.94
1618,2024-01-08,3,10,34.900000000000006
1620,2025-01-20,3,7,24.43
1630,2025-06-27,3,10,34.900000000000006
1632,2025-08-16,3,6,20.94
1634,2024-03-20,3,3,10.47
1636,2025-08-09,3,6,20.94
1644,2024-06-04,3,18,62.82000000000001
1645,2023-01-10,3,18,62.82000000000001
1646,2025-09-10,3,7,24.43
1648,2024-11-12,3,18,62.82000000000001
1657,2025-12-19,3,10,34.900000000000006
1658,2025-05-06,3,5,17.450000000000003
1662,2023-08-30,3,1,3.49
1664,2024-11-17,3,2,6.98
1669,2024-10-23,3,1,3.49
1670,2025-03-15,3,14,48.86
1672,2025-09-14,3,5,17.450000000000003
1675,2024-08-12,3,16,55.84
1676,2024-05-23,3,13,45.370000000000005
1678,2025-07-09,3,16,55.84
1679,2025-02-08,3,6,20.94
1685,2023-10-29,3,3,10.47
1686,2024-07-07,3,11,38.39
1688,2024-09-12,3,17,59.330000000000005
1695,2025-12-29,3,14,48.86
1696,2024-02-29,3,12,41.88
1707,2023-03-08,3,9,31.410000000000004
1710,2023-02-27,3,17,59.330000000000005
1716,2023-04-26,3,13,45.370000000000005
1721,2023-11-07,3,12,41.88
1724,2024-03-21,3,7,24.43
1727,2023-02-24,3,19,66.31
1732,2024-05-29,3,5,17.450000000000003
1734,2023-12-14,3,1,3.49
1749,2024-05-23,3,5,17.450000000000003
1760,2023-11-07,3,7,24.43
1767,2023-01-12,3,3,10.47
1769,2023-02-11,3,9,31.410000000000004
1773,2025-12-26,3,9,31.410000000000004
1774,2025-10-27,3,6,20.94
1775,2025-08-05,3,2,6.98
1781,2025-07-19,3,5,17.450000000000003
1782,2023-09-23,3,2,6.98
1783,2025-03-03,3,9,31.410000000000004
1790,2025-04-01,3,16,55.84
1805,2024-06-26,3,1,3.49
1815,2024-04-11,3,1,3.49
1821,2024-01-17,3,1,3.49
1828,2023-07-09,3,11,38.39
1829,2025-06-01,3,17,59.330000000000005
1836,2025-03-30,3,3,10.47
1838,2024-02-24,3,15,52.35
1840,2024-02-26,3,10,34.900000000000006
1852,2024-02-09,3,1,3.49
1855,2024-10-22,3,3,10.47
1864,2023-06-22,3,2,6.98
1866,2023-06-13,3,10,34.900000000000006
1869,2024-05-11,3,1,3.49
1870,2024-11-30,3,8,27.92
1871,2024-01-30,3,16,55.84
1875,2024-09-20,3,12,41.88
1879,2024-08-16,3,5,17.450000000000003
1880,2025-01-13,3,18,62.82000000000001
1884,2024-02-01,3,11,38.39
1886,2023-04-15,3,18,62.82000000000001
1889,2024-01-28,3,2,6.98
1902,2024-12-26,3,19,66.31
1914,2025-10-28,3,4,13.96
1916,2023-03-28,3,13,45.370000000000005
1920,2025-11-06,3,9,31.410000000000004
1923,2023-08-20,3,9,31.410000000000004
1927,2024-05-13,3,9,31.410000000000004
1928,2024-06-23,3,16,55.84
1936,2024-01-03,3,10,34.900000000000006
1953,2024-10-13,3,18,62.82000000000001
1954,2025-02-08,3,15,52.35
1955,2024-01-09,3,14,48.86
1962,2025-02-21,3,8,27.92
1963,2023-09-30,3,8,27.92
1964,2025-07-24,3,3,10.47
1970,2025-02-28,3,14,48.86
1972,2024-11-16,3,9,31.410000000000004
1974,2025-06-06,3,5,17.450000000000003
1980,2023-05-29,3,8,27.92
1982,2024-10-22,3,12,41.88
1986,2024-10-24,3,12,41.88
1996,2024-06-24,3,13,45.370000000000005
1997,2023-08-01,3,16,55.84
1998,2024-04-07,3,6,20.94
2000,2023-10-10,3,13,45.370000000000005
2005,2024-02-25,3,13,45.370000000000005
2009,2023-01-19,3,13,45.370000000000005
2010,2023-01-23,3,9,31.410000000000004
2014,2023-05-16,3,15,52.35
2015,2023-12-28,3,1,3.49
2037,2023-07-28,3,18,62.82000000000001
2041,2025-10-11,3,15,52.35
2043,2024-11-28,3,15,52.35
2045,2025-11-09,3,14,48.86
2047,2025-10-10,3,14,48.86
2053,2023-02-07,3,8,27.92
2060,2024-08-05,3,16,55.84
2065,2025-12-14,3,6,20.94
2066,2024-05-14,3,14,48.86
2068,2025-02-04,3,18,62.82000000000001
2072,2023-06-08,3,3,10.47
2084,2025-01-09,3,3,10.47
2101,2023-05-04,3,1,3.49
2117,2023-02-18,3,10,34.900000000000006
2120,2023-09-18,3,13,45.370000000000005
2121,2023-12-22,3,12,41.88
2139,2025-06-21,3,5,17.450000000000003
2153,2024-09-30,3,15,52.35
2155,2025-08-01,3,16,55.84
2157,2024-05-06,3,15,52.35
2160,2023-06-14,3,8,27.92
2161,2023-11-10,3,2,6.98
2163,2025-09-10,3,10,34.900000000000006
2168,2024-03-20,3,14,48.86
2170,2023-06-10,3,1,3.49
2172,2025-06-13,3,1,3.49
2175,2023-11-23,3,7,24.43
2179,2024-08-15,3,19,66.31
2184,2024-02-27,3,9,31.410000000000004
2193,2025-12-16,3,6,20.94
2195,2025-04-21,3,17,59.330000000000005
2198,2024-09-28,3,12,41.88
2199,2024-08-10,3,14,48.86
2201,2024-07-24,3,10,34.900000000000006
2204,2024-07-14,3,9,31.410000000000004
2205,2025-08-17,3,10,34.900000000000006
2207,2024-01-26,3,16,55.84
2213,2023-08-02,3,15,52.35
2214,2024-01-11,3,5,17.450000000000003
2215,2025-01-13,3,12,41.88
2217,2023-03-20,3,15,52.35
2219,2024-08-26,3,7,24.43
2222,2024-11-10,3,8,27.92
2223,2023-02-27,3,12,41.88
2231,2025-02-12,3,7,24.43
2233,2024-08-23,3,8,27.92
2235,2024-12-09,3,7,24.43
2237,2025-02-17,3,11,38.39
2247,2025-06-23,3,3,10.47
2250,2024-07-07,3,13,45.370000000000005
2268,2024-11-18,3,6,20.94
2278,2024-07-28,3,18,62.82000000000001
2283,2023-09-04,3,4,13.96
2295,2025-07-31,3,18,62.82000000000001
2304,2025-09-07,3,15,52.35
2308,2025-07-31,3,19,66.31
2318,2023-10-16,3,7,24.43
2319,2024-12-24,3,19,66.31
2320,2025-06-11,3,7,24.43
2336,2024-05-30,3,13,45.370000000000005
2341,2025-08-06,3,4,13.96
2346,2023-07-29,3,16,55.84
2355,2024-05-15,3,14,48.86
2360,2024-02-28,3,5,17.450000000000003
2363,2023-06-03,3,15,52.35
2364,2024-09-05,3,1,3.49
2366,2023-03-24,3,1,3.49
2370,2025-09-06,3,11,38.39
2373,2025-02-01,3,4,13.96
2375,2025-02-25,3,16,55.84
2378,2024-02-02,3,11,38.39
2387,2025-03-30,3,14,48.86
2388,2023-03-30,3,15,52.35
2392,2023-08-10,3,7,24.43
2401,2025-05-30,3,15,52.35
2403,2023-09-25,3,6,20.94
2407,2024-10-22,3,9,31.410000000000004
2414,2025-12-24,3,12,41.88
2417,2023-11-28,3,1,3.49
2424,2025-03-30,3,11,38.39
2437,2025-05-03,3,18,62.82000000000001
2444,2023-09-19,3,15,52.35
2449,2023-04-03,3,16,55.84
2458,2025-05-30,3,12,41.88
2459,2024-07-08,3,14,48.86
2465,2024-12-04,3,16,55.84
2468,2024-01-17,3,11,38.39
2482,2024-08-06,3,17,59.330000000000005
2484,2025-08-14,3,4,13.96
2487,2023-04-13,3,4,13.96
2490,2025-05-08,3,13,45.370000000000005
2501,2024-02-16,3,13,45.370000000000005
2505,2023-02-10,3,2,6.98
2523,2023-08-23,3,2,6.98
2543,2024-11-09,3,17,59.330000000000005
2545,2025-07-21,3,18,62.82000000000001
2549,2024-07-12,3,11,38.39
2552,2023-05-06,3,3,10.47
2563,2024-03-18,3,17,59.330000000000005
2567,2024-03-23,3,15,52.35
2573,2024-04-29,3,17,59.330000000000005
2574,2023-05-02,3,12,41.88
2577,2023-05-04,3,15,52.35
2592,2023-11-01,3,14,48.86
2600,2023-12-07,3,11,38.39
2605,2023-05-19,3,9,31.410000000000004
2629,2024-01-30,3,16,55.84
2630,2024-04-20,3,16,55.84
2634,2025-10-14,3,10,34.900000000000006
2643,2024-11-25,3,13,45.370000000000005
2645,2024-02-03,3,1,3.49
2646,2024-12-15,3,2,6.98
2648,2025-01-30,3,5,17.450000000000003
2650,2025-08-31,3,7,24.43
2652,2024-08-26,3,18,62.82000000000001
2654,2025-06-21,3,1,3.49
2655,2023-12-31,3,5,17.450000000000003
2661,2023-12-03,3,5,17.450000000000003
2668,2025-11-02,3,7,24.43
2671,2024-12-20,3,8,27.92
2681,2023-02-26,3,19,66.31
2682,2023-01-19,3,9,31.410000000000004
2695,2023-07-07,3,7,24.43
2702,2025-07-30,3,8,27.92
2703,2024-02-18,3,10,34.900000000000006
2709,2025-12-25,3,14,48.86
2736,2025-10-30,3,6,20.94
2738,2023-06-09,3,19,66.31
2744,2025-04-26,3,11,38.39
2751,2025-11-01,3,9,31.410000000000004
2759,2025-03-28,3,1,3.49
2772,2023-05-21,3,5,17.450000000000003
2773,2023-06-26,3,8,27.92
2783,2025-06-24,3,15,52.35
2793,2025-09-05,3,12,41.88
2796,2025-05-20,3,13,45.370000000000005
2798,2025-10-20,3,5,17.450000000000003
2809,2023-11-25,3,18,62.82000000000001
2811,2024-09-12,3,4,13.96
2813,2025-02-14,3,17,59.330000000000005
2818,2025-07-28,3,14,48.86
2835,2024-11-05,3,11,38.39
2844,2025-01-09,3,7,24.43
2849,2024-04-09,3,6,20.94
2859,2023-01-12,3,13,45.370000000000005
2861,2024-07-08,3,14,48.86
2878,2023-07-14,3,8,27.92
2886,2024-09-22,3,8,27.92
2893,2023-12-28,3,15,52.35
2895,2025-11-14,3,9,31.410000000000004
2899,2024-03-31,3,16,55.84
2900,2025-12-27,3,4,13.96
2911,2025-03-04,3,19,66.31
2916,2025-08-03,3,13,45.370000000000005
2917,2024-02-26,3,14,48.86
2936,2023-09-29,3,11,38.39
2937,2024-08-02,3,17,59.330000000000005
2938,2024-07-13,3,19,66.31
2944,2025-11-08,3,9,31.410000000000004
2949,2024-09-11,3,8,27.92
2950,2025-06-01,3,14,48.86
2957,2025-07-18,3,2,6.98
2961,2024-04-22,3,1,3.49
2982,2025-06-07,3,18,62.82000000000001
2989,2024-08-23,3,3,10.47
2996,2025-11-06,3,13,45.370000000000005
4,2023-05-02,2,7,10.43
7,2023-03-29,2,10,14.9
9,2023-05-11,2,19,28.31
10,2025-02-08,2,8,11.92
14,2025-08-13,2,14,20.86
20,2025-05-06,2,6,8.94
23,2024-05-25,2,4,5.96
34,2025-04-20,2,6,8.94
39,2023-01-14,2,6,8.94
43,2025-06-16,2,6,8.94
45,2025-08-13,2,1,1.49
55,2024-12-30,2,6,8.94
63,2023-10-23,2,13,19.37
65,2023-12-04,2,9,13.41
68,2025-03-02,2,19,28.31
83,2023-10-16,2,7,10.43
97,2025-03-15,2,14,20.86
98,2023-04-09,2,5,7.45
110,2024-01-28,2,9,13.41
111,2023-07-26,2,15,22.35
113,2025-06-10,2,19,28.31
117,2025-10-17,2,17,25.33
133,2024-09-24,2,7,10.43
136,2024-12-10,2,6,8.94
140,2024-10-25,2,8,11.92
157,2024-02-05,2,7,10.43
160,2023-10-07,2,5,7.45
166,2024-08-31,2,7,10.43
168,2024-04-08,2,2,2.98
188,2025-05-30,2,6,8.94
193,2025-11-26,2,3,4.47
198,2024-02-08,2,16,23.84
201,2024-09-19,2,13,19.37
220,2024-11-18,2,8,11.92
225,2025-01-19,2,13,19.37
234,2025-05-28,2,17,25.33
235,2025-08-17,2,3,4.47
238,2025-03-26,2,2,2.98
240,2024-06-30,2,2,2.98
242,2023-01-17,2,15,22.35
243,2023-06-07,2,11,16.39
248,2025-11-26,2,7,10.43
249,2023-10-07,2,7,10.43
258,2025-09-07,2,16,23.84
259,2025-07-16,2,13,19.37
262,2024-07-19,2,5,7.45
264,2024-11-16,2,7,10.43
265,2024-09-17,2,10,14.9
277,2024-06-08,2,2,2.98
279,2025-06-21,2,16,23.84
282,2023-01-20,2,7,10.43
290,2024-12-27,2,2,2.98
295,2023-11-10,2,17,25.33
297,2023-11-01,2,18,26.82
304,2025-09-19,2,19,28.31
317,2024-10-17,2,13,19.37
321,2024-10-18,2,7,10.43
323,2025-04-10,2,13,19.37
324,2025-12-17,2,7,10.43
326,2023-04-27,2,15,22.35
338,2025-02-28,2,11,16.39
345,2025-12-06,2,14,20.86
346,2025-10-05,2,2,2.98
356,2024-07-04,2,11,16.39
359,2024-06-05,2,19,28.31
361,2025-01-31,2,18,26.82
364,2025-10-12,2,5,7.45
365,2024-05-30,2,9,13.41
366,2025-11-05,2,2,2.98
372,2023-06-09,2,4,5.96
376,2025-08-14,2,16,23.84
388,2025-02-14,2,16,23.84
391,2025-10-18,2,5,7.45
393,2023-04-25,2,15,22.35
397,2024-12-29,2,2,2.98
399,2025-01-30,2,6,8.94
404,2025-01-08,2,1,1.49
405,2025-09-04,2,7,10.43
407,2023-04-06,2,8,11.92
417,2024-02-01,2,4,5.96
424,2023-09-22,2,6,8.94
427,2025-01-04,2,14,20.86
440,2025-07-23,2,9,13.41
444,2023-08-23,2,1,1.49
450,2024-05-06,2,2,2.98
452,2023-06-19,2,2,2.98
453,2025-08-03,2,12,17.88
464,2023-06-16,2,3,4.47
477,2024-01-22,2,17,25.33
480,2024-05-19,2,16,23.84
484,2023-05-14,2,1,1.49
486,2024-11-15,2,19,28.31
487,2024-11-02,2,4,5.96
491,2025-06-04,2,13,19.37
493,2025-02-02,2,11,16.39
505,2024-01-08,2,17,25.33
506,2025-10-28,2,1,1.49
509,2024-11-28,2,15,22.35
510,2024-06-23,2,2,2.98
514,2025-01-09,2,18,26.82
521,2025-07-13,2,16,23.84
525,2023-09-13,2,19,28.31
528,2023-01-10,2,5,7.45
542,2025-03-05,2,15,22.35
558,2024-04-01,2,15,22.35
565,2024-05-02,2,18,26.82
567,2023-04-05,2,4,5.96
576,2025-12-13,2,10,14.9
577,2023-08-24,2,11,16.39
583,2025-02-05,2,17,25.33
594,2025-03-08,2,15,22.35
598,2023-09-06,2,17,25.33
603,2025-01-28,2,14,20.86
608,2023-05-18,2,6,8.94
609,2023-07-03,2,13,19.37
612,2023-03-10,2,16,23.84
625,2023-10-08,2,13,19.37
629,2023-03-02,2,3,4.47
631,2025-12-10,2,12,17.88
634,2024-11-12,2,2,2.98
636,2025-04-17,2,14,20.86
644,2023-09-06,2,2,2.98
646,2023-08-02,2,12,17.88
650,2023-04-17,2,18,26.82
651,2025-04-10,2,13,19.37
652,2023-02-17,2,14,20.86
655,2025-03-14,2,12,17.88
656,2023-01-08,2,10,14.9
666,2023-03-19,2,11,16.39
670,2024-11-29,2,17,25.33
674,2025-07-07,2,7,10.43
687,2024-06-20,2,19,28.31
692,2023-04-19,2,15,22.35
693,2023-04-21,2,8,11.92
704,2025-05-26,2,19,28.31
722,2023-03-16,2,18,26.82
726,2025-05-30,2,7,10.43
732,2024-12-15,2,2,2.98
740,2023-04-23,2,9,13.41
741,2023-05-20,2,8,11.92
748,2025-04-24,2,12,17.88
756,2023-01-13,2,13,19.37
759,2025-02-23,2,9,13.41
765,2024-01-11,2,2,2.98
767,2024-05-27,2,6,8.94
776,2024-07-27,2,7,10.43
782,2023-10-23,2,4,5.96
785,2024-02-26,2,18,26.82
787,2024-07-28,2,13,19.37
795,2023-04-14,2,4,5.96
798,2024-08-01,2,3,4.47
801,2025-11-04,2,10,14.9
803,2025-07-11,2,11,16.39
809,2025-08-08,2,2,2.98
823,2025-04-23,2,6,8.94
833,2024-12-12,2,2,2.98
837,2023-10-29,2,11,16.39
838,2023-12-29,2,5,7.45
840,2023-08-06,2,17,25.33
841,2023-05-21,2,2,2.98
844,2025-09-19,2,14,20.86
845,2025-04-07,2,5,7.45
856,2025-11-18,2,13,19.37
864,2024-01-06,2,1,1.49
866,2024-10-22,2,5,7.45
867,2025-08-26,2,13,19.37
871,2025-07-25,2,19,28.31
877,2024-04-19,2,13,19.37
879,2023-12-13,2,3,4.47
881,2025-07-27,2,8,11.92
885,2024-10-25,2,16,23.84
889,2023-10-12,2,13,19.37
894,2023-06-05,2,15,22.35
897,2025-04-28,2,8,11.92
906,2023-08-03,2,16,23.84
919,2025-10-06,2,15,22.35
931,2023-03-28,2,1,1.49
935,2023-11-09,2,9,13.41
947,2024-03-27,2,16,23.84
952,2025-01-04,2,3,4.47
953,2025-04-02,2,16,23.84
964,2025-03-25,2,6,8.94
965,2024-12-09,2,2,2.98
969,2024-04-15,2,6,8.94
977,2025-05-03,2,15,22.35
978,2024-08-15,2,15,22.35
981,2023-02-28,2,7,10.43
983,2025-01-05,2,10,14.9
993,2023-01-29,2,5,7.45
1005,2024-08-10,2,4,5.96
1016,2025-07-10,2,2,2.98
1022,2025-03-29,2,11,16.39
1026,2023-05-29,2,5,7.45
1038,2023-03-10,2,7,10.43
1045,2023-03-14,2,19,28.31
1050,2025-07-27,2,5,7.45
1054,2023-05-11,2,9,13.41
1057,2023-04-12,2,5,7.45
1063,2025-08-14,2,17,25.33
1069,2024-10-22,2,12,17.88
1070,2024-01-09,2,4,5.96
1073,2024-04-10,2,2,2.98
1081,2023-09-07,2,14,20.86
1083,2023-12-01,2,19,28.31
1084,2024-09-20,2,6,8.94
1086,2025-06-01,2,5,7.45
1088,2025-04-06,2,2,2.98
1093,2025-07-23,2,1,1.49
1101,2025-03-15,2,11,16.39
1102,2025-07-24,2,10,14.9
1103,2025-09-12,2,3,4.47
1109,2025-09-08,2,10,14.9
1111,2024-12-22,2,8,11.92
1122,2025-03-24,2,2,2.98
1123,2023-01-29,2,7,10.43
1128,2025-01-17,2,18,26.82
1135,2023-12-06,2,7,10.43
1140,2023-11-20,2,15,22.35
1141,2023-05-26,2,10,14.9
1148,2025-03-27,2,7,10.43
1158,2024-07-17,2,16,23.84
1166,2024-05-20,2,16,23.84
1172,2025-11-09,2,15,22.35
1174,2024-11-20,2,1,1.49
1176,2023-03-03,2,10,14.9
1185,2024-09-26,2,12,17.88
1186,2025-09-14,2,6,8.94
1193,2025-09-10,2,2,2.98
1208,2023-04-25,2,11,16.39
1211,2023-02-09,2,5,7.45
1212,2023-08-04,2,17,25.33
1214,2023-04-02,2,10,14.9
1217,2025-03-26,2,3,4.47
1218,2025-02-19,2,18,26.82
1234,2023-12-29,2,6,8.94
1240,2023-01-17,2,12,17.88
1245,2025-05-05,2,16,23.84
1252,2025-09-20,2,6,8.94
1255,2023-02-06,2,1,1.49
1260,2024-12-31,2,9,13.41
1263,2024-06-07,2,3,4.47
1267,2024-12-05,2,17,25.33
1268,2023-01-22,2,17,25.33
1269,2024-04-18,2,11,16.39
1274,2023-10-12,2,8,11.92
1278,2024-01-16,2,3,4.47
1283,2025-11-22,2,16,23.84
1284,2025-05-28,2,7,10.43
1285,2023-03-20,2,11,16.39
1288,2024-07-23,2,12,17.88
1292,2023-02-08,2,16,23.84
1308,2025-10-05,2,1,1.49
1314,2024-03-05,2,16,23.84
1319,2023-07-18,2,16,23.84
1326,2025-07-04,2,15,22.35
1329,2023-07-25,2,6,8.94
1330,2024-03-30,2,3,4.47
1332,2025-10-13,2,7,10.43
1337,2023-04-27,2,1,1.49
1338,2024-01-21,2,14,20.86
1346,2024-08-29,2,10,14.9
1349,2024-12-29,2,16,23.84
1350,2025-03-11,2,17,25.33
1355,2024-08-10,2,6,8.94
1359,2023-04-02,2,12,17.88
1363,2023-08-30,2,7,10.43
1368,2023-04-26,2,18,26.82
1369,2025-07-06,2,15,22.35
1383,2023-08-11,2,6,8.94
1389,2023-01-07,2,19,28.31
1401,2025-09-04,2,7,10.43
1410,2024-11-25,2,12,17.88
1411,2023-10-15,2,17,25.33
1416,2023-11-08,2,12,17.88
1432,2024-05-30,2,8,11.92
1433,2025-01-01,2,19,28.31
1438,2024-08-30,2,15,22.35
1442,2023-12-01,2,16,23.84
1444,2023-10-22,2,16,23.84
1446,2023-07-05,2,7,10.43
1449,2023-01-21,2,12,17.88
1456,2025-07-28,2,4,5.96
1459,2023-01-02,2,10,14.9
1460,2024-01-10,2,17,25.33
1461,2023-10-20,2,7,10.43
1470,2023-05-10,2,13,19.37
1471,2025-04-17,2,19,28.31
1480,2025-10-30,2,11,16.39
1481,2024-09-21,2,13,19.37
1482,2023-09-27,2,2,2.98
1486,2023-05-13,2,2,2.98
1488,2024-05-27,2,4,5.96
1495,2023-06-05,2,17,25.33
1498,2023-11-30,2,7,10.43
1500,2024-05-25,2,8,11.92
1506,2025-11-24,2,6,8.94
1508,2024-04-29,2,7,10.43
1512,2024-11-21,2,11,16.39
1517,2023-08-30,2,6,8.94
1521,2024-05-09,2,9,13.41
1522,2024-03-02,2,1,1.49
1524,2023-05-31,2,19,28.31
1528,2025-06-10,2,11,16.39
1530,2025-10-28,2,1,1.49
1532,2025-10-11,2,5,7.45
1535,2023-03-27,2,18,26.82
1541,2024-08-10,2,5,7.45
1543,2023-12-11,2,2,2.98
1551,2024-12-04,2,1,1.49
1553,2024-11-18,2,4,5.96
1554,2025-02-19,2,17,25.33
1555,2024-08-07,2,14,20.86
1567,2025-12-24,2,14,20.86
1584,2023-03-26,2,17,25.33
1605,2025-10-11,2,19,28.31
1617,2025-10-04,2,12,17.88
1622,2023-04-16,2,11,16.39
1626,2024-10-05,2,18,26.82
1660,2025-07-03,2,1,1.49
1661,2025-09-19,2,2,2.98
1663,2024-08-03,2,19,28.31
1673,2024-10-11,2,11,16.39
1674,2025-08-26,2,13,19.37
1677,2024-03-16,2,2,2.98
1682,2024-04-03,2,17,25.33
1693,2023-03-14,2,10,14.9
1709,2024-01-16,2,14,20.86
1714,2024-09-05,2,4,5.96
1718,2024-03-28,2,9,13.41
1733,2023-08-25,2,16,23.84
1737,2023-12-30,2,7,10.43
1739,2023-10-13,2,5,7.45
1741,2024-02-10,2,8,11.92
1744,2025-03-10,2,15,22.35
1745,2025-10-09,2,18,26.82
1748,2025-01-07,2,4,5.96
1756,2025-01-30,2,1,1.49
1761,2023-09-19,2,10,14.9
1764,2023-12-08,2,9,13.41
1771,2024-08-16,2,7,10.43
1777,2024-02-03,2,17,25.33
1787,2023-04-05,2,15,22.35
1791,2023-08-26,2,4,5.96
1795,2025-06-20,2,19,28.31
1796,2025-11-14,2,8,11.92
1800,2025-08-21,2,18,26.82
1801,2024-06-20,2,10,14.9
1802,2025-11-01,2,10,14.9
1807,2025-09-15,2,1,1.49
1810,2024-11-02,2,10,14.9
1812,2023-09-11,2,2,2.98
1823,2025-12-15,2,16,23.84
1827,2023-05-29,2,13,19.37
1830,2023-09-20,2,17,25.33
1833,2024-08-31,2,14,20.86
1837,2025-03-30,2,17,25.33
1841,2025-12-22,2,8,11.92
1844,2024-06-02,2,5,7.45
1846,2023-04-02,2,17,25.33
1848,2024-03-30,2,16,23.84
1858,2023-03-06,2,10,14.9
1862,2024-05-07,2,6,8.94
1865,2024-11-02,2,2,2.98
1867,2024-04-09,2,16,23.84
1872,2024-12-03,2,18,26.82
1881,2024-07-07,2,19,28.31
1895,2023-08-30,2,6,8.94
1901,2025-02-14,2,17,25.33
1905,2023-03-20,2,6,8.94
1910,2025-07-28,2,7,10.43
1918,2024-02-12,2,2,2.98
1922,2023-10-04,2,3,4.47
1935,2025-09-18,2,9,13.41
1937,2023-12-26,2,4,5.96
1943,2025-08-20,2,6,8.94
1944,2025-04-15,2,12,17.88
1945,2023-06-18,2,13,19.37
1946,2023-08-05,2,17,25.33
1948,2023-04-29,2,3,4.47
1951,2024-01-05,2,9,13.41
1957,2023-06-09,2,17,25.33
1965,2023-07-02,2,3,4.47
1979,2025-07-31,2,11,16.39
1981,2025-10-18,2,4,5.96
1991,2024-10-23,2,13,19.37
2001,2023-03-29,2,7,10.43
2008,2024-12-03,2,10,14.9
2011,2024-02-17,2,1,1.49
2012,2025-11-19,2,14,20.86
2021,2025-10-30,2,2,2.98
2032,2023-08-22,2,17,25.33
2034,2023-11-10,2,1,1.49
2035,2024-07-19,2,12,17.88
2042,2025-12-29,2,7,10.43
2048,2023-08-15,2,12,17.88
2061,2024-05-30,2,13,19.37
2063,2023-12-02,2,1,1.49
2071,2024-08-16,2,18,26.82
2074,2025-07-03,2,17,25.33
2076,2024-02-10,2,15,22.35
2077,2024-10-25,2,1,1.49
2082,2023-01-19,2,19,28.31
2085,2023-07-02,2,15,22.35
2086,2023-04-23,2,5,7.45
2089,2025-02-01,2,3,4.47
2098,2025-12-06,2,17,25.33
2107,2023-05-18,2,13,19.37
2108,2023-02-19,2,15,22.35
2112,2024-07-16,2,4,5.96
2114,2024-06-30,2,4,5.96
2124,2025-10-06,2,18,26.82
2130,2024-11-16,2,9,13.41
2134,2024-12-25,2,14,20.86
2138,2024-02-18,2,5,7.45
2142,2024-09-23,2,19,28.31
2147,2024-08-18,2,2,2.98
2150,2023-07-15,2,1,1.49
2152,2025-12-29,2,15,22.35
2154,2024-11-02,2,12,17.88
2156,2023-07-18,2,14,20.86
2176,2024-08-20,2,15,22.35
2180,2024-07-26,2,13,19.37
2185,2023-06-26,2,9,13.41
2186,2024-06-12,2,1,1.49
2189,2024-09-01,2,10,14.9
2194,2025-12-25,2,7,10.43
2196,2023-04-08,2,6,8.94
2202,2024-09-02,2,15,22.35
2224,2025-11-15,2,19,28.31
2227,2023-03-07,2,17,25.33
2244,2024-04-29,2,3,4.47
2245,2025-12-31,2,1,1.49
2246,2024-07-20,2,2,2.98
2248,2024-07-12,2,15,22.35
2253,2024-01-21,2,1,1.49
2259,2023-10-10,2,15,22.35
2263,2023-08-08,2,2,2.98
2264,2025-10-11,2,6,8.94
2269,2024-09-04,2,14,20.86
2280,2024-10-31,2,4,5.96
2281,2023-09-26,2,10,14.9
2285,2023-12-19,2,13,19.37
2286,2023-07-15,2,4,5.96
2289,2024-10-06,2,15,22.35
2300,2024-04-20,2,4,5.96
2302,2023-06-05,2,5,7.45
2306,2023-02-10,2,6,8.94
2310,2025-08-10,2,7,10.43
2317,2025-07-19,2,5,7.45
2323,2024-04-27,2,13,19.37
2327,2025-12-06,2,9,13.41
2328,2024-03-29,2,4,5.96
2329,2023-07-20,2,11,16.39
2332,2025-08-25,2,7,10.43
2338,2023-05-23,2,13,19.37
2340,2023-08-15,2,10,14.9
2342,2024-04-04,2,17,25.33
2343,2024-07-04,2,14,20.86
2344,2024-01-28,2,18,26.82
2347,2024-10-07,2,1,1.49
2348,2023-08-07,2,7,10.43
2349,2024-02-11,2,10,14.9
2354,2024-09-03,2,2,2.98
2358,2024-08-18,2,4,5.96
2362,2023-09-27,2,7,10.43
2380,2024-11-06,2,6,8.94
2381,2025-07-24,2,1,1.49
2383,2023-10-13,2,13,19.37
2384,2023-09-22,2,5,7.45
2391,2023-11-30,2,2,2.98
2393,2023-02-10,2,10,14.9
2409,2025-11-24,2,16,23.84
2413,2024-04-24,2,1,1.49
2421,2024-06-10,2,3,4.47
2425,2024-08-27,2,18,26.82
2426,2024-02-10,2,2,2.98
2427,2023-08-20,2,9,13.41
2436,2024-08-01,2,11,16.39
2438,2023-07-13,2,4,5.96
2441,2023-08-02,2,5,7.45
2445,2024-12-30,2,1,1.49
2453,2025-01-18,2,12,17.88
2454,2024-10-14,2,17,25.33
2457,2023-02-18,2,10,14.9
2461,2025-06-10,2,13,19.37
2466,2023-11-14,2,7,10.43
2467,2024-09-09,2,4,5.96
2473,2025-03-29,2,11,16.39
2474,2023-07-02,2,3,4.47
2475,2025-11-30,2,9,13.41
2481,2023-01-19,2,14,20.86
2483,2024-03-31,2,3,4.47
2491,2023-06-23,2,1,1.49
2492,2025-10-01,2,12,17.88
2493,2024-03-06,2,4,5.96
2495,2025-04-29,2,5,7.45
2499,2024-08-16,2,6,8.94
2502,2025-07-24,2,11,16.39
2513,2024-12-13,2,7,10.43
2521,2023-09-25,2,8,11.92
2522,2024-02-23,2,18,26.82
2526,2023-02-18,2,11,16.39
2528,2025-07-09,2,14,20.86
2531,2024-09-02,2,1,1.49
2532,2024-01-10,2,7,10.43
2536,2025-04-26,2,14,20.86
2542,2024-11-02,2,11,16.39
2553,2024-01-30,2,17,25.33
2555,2025-05-30,2,4,5.96
2557,2023-11-21,2,12,17.88
2558,2025-07-18,2,1,1.49
2561,2025-04-16,2,11,16.39
2564,2023-03-16,2,12,17.88
2566,2023-12-29,2,8,11.92
2576,2023-06-19,2,10,14.9
2586,2024-03-06,2,5,7.45
2587,2024-09-29,2,19,28.31
2593,2024-11-04,2,18,26.82
2594,2023-12-31,2,1,1.49
2596,2023-12-09,2,3,4.47
2604,2023-10-27,2,11,16.39
2606,2023-12-25,2,15,22.35
2610,2025-05-15,2,14,20.86
2614,2024-05-23,2,14,20.86
2616,2023-04-14,2,16,23.84
2620,2025-09-25,2,17,25.33
2621,2024-06-03,2,12,17.88
2626,2023-03-05,2,1,1.49
2632,2025-11-09,2,1,1.49
2635,2025-06-01,2,10,14.9
2640,2025-05-13,2,2,2.98
2656,2023-06-12,2,17,25.33
2664,2025-04-19,2,6,8.94
2669,2025-07-31,2,1,1.49
2672,2024-04-24,2,16,23.84
2675,2025-06-24,2,10,14.9
2677,2023-05-06,2,1,1.49
2678,2023-10-04,2,10,14.9
2686,2024-06-25,2,18,26.82
2688,2024-08-01,2,3,4.47
2689,2025-12-24,2,2,2.98
2693,2023-05-21,2,13,19.37
2696,2023-07-20,2,16,23.84
2699,2023-07-13,2,11,16.39
2700,2024-12-03,2,1,1.49
2707,2023-03-24,2,2,2.98
2708,2023-12-24,2,19,28.31
2713,2023-11-18,2,6,8.94
2718,2024-05-22,2,19,28.31
2721,2025-08-31,2,8,11.92
2725,2023-11-17,2,1,1.49
2729,2025-12-12,2,3,4.47
2733,2023-07-02,2,12,17.88
2734,2025-11-12,2,11,16.39
2737,2024-10-21,2,2,2.98
2739,2025-11-03,2,14,20.86
2745,2025-11-11,2,16,23.84
2750,2025-02-14,2,9,13.41
2752,2025-04-29,2,17,25.33
2755,2025-09-17,2,8,11.92
2756,2025-10-14,2,16,23.84
2757,2023-10-21,2,18,26.82
2760,2024-01-25,2,12,17.88
2766,2024-07-30,2,17,25.33
2767,2023-05-17,2,18,26.82
2770,2025-06-29,2,8,11.92
2774,2023-07-17,2,19,28.31
2776,2024-11-21,2,18,26.82
2780,2025-07-17,2,7,10.43
2784,2023-06-24,2,6,8.94
2785,2023-01-23,2,9,13.41
2786,2023-08-23,2,7,10.43
2792,2024-06-16,2,16,23.84
2794,2025-03-20,2,17,25.33
2797,2024-06-23,2,8,11.92
2801,2025-06-10,2,3,4.47
2804,2025-01-10,2,18,26.82
2807,2025-06-16,2,9,13.41
2812,2023-06-11,2,13,19.37
2814,2023-10-01,2,2,2.98
2815,2025-10-23,2,14,20.86
2817,2023-11-22,2,5,7.45
2821,2025-04-01,2,18,26.82
2825,2023-08-15,2,16,23.84
2827,2023-04-28,2,2,2.98
2828,2023-02-23,2,5,7.45
2836,2024-01-22,2,13,19.37
2841,2024-06-24,2,4,5.96
2842,2023-06-20,2,13,19.37
2851,2024-11-28,2,16,23.84
2865,2024-09-14,2,4,5.96
2869,2023-11-27,2,13,19.37
2880,2023-06-06,2,7,10.43
2881,2024-09-01,2,18,26.82
2883,2024-04-15,2,11,16.39
2885,2024-01-28,2,6,8.94
2887,2024-08-30,2,1,1.49
2894,2023-01-26,2,1,1.49
2901,2025-10-03,2,1,1.49
2904,2025-12-08,2,5,7.45
2908,2023-06-08,2,8,11.92
2915,2023-09-05,2,9,13.41
2919,2025-01-05,2,10,14.9
2925,2024-12-14,2,13,19.37
2927,2023-01-03,2,18,26.82
2931,2024-09-11,2,16,23.84
2932,2023-11-27,2,2,2.98
2934,2023-02-19,2,6,8.94
2939,2024-11-26,2,11,16.39
2940,2024-03-21,2,8,11.92
2947,2025-06-04,2,6,8.94
2951,2025-03-07,2,16,23.84
2954,2023-09-02,2,19,28.31
2963,2025-04-12,2,12,17.88
2965,2024-08-15,2,4,5.96
2972,2024-02-25,2,6,8.94
2979,2025-08-01,2,11,16.39
2984,2023-01-10,2,13,19.37
2997,2023-10-01,2,13,19.37
2998,2024-11-15,2,10,14.9
3000,2025-05-10,2,6,8.94
6,2023-11-27,1,10,29.900000000000002
8,2025-05-21,1,6,17.94
17,2023-01-22,1,17,50.830000000000005
18,2023-09-10,1,5,14.950000000000001
21,2024-04-19,1,11,32.89
22,2025-12-18,1,19,56.81
25,2025-09-02,1,1,2.99
49,2023-07-25,1,10,29.900000000000002
52,2024-07-19,1,8,23.92
58,2025-09-22,1,13,38.870000000000005
69,2023-08-05,1,19,56.81
70,2025-02-02,1,7,20.93
76,2023-03-06,1,2,5.98
77,2024-06-04,1,4,11.96
79,2025-12-22,1,17,50.830000000000005
82,2024-02-23,1,18,53.82000000000001
94,2025-12-07,1,9,26.910000000000004
100,2024-12-26,1,10,29.900000000000002
103,2024-10-04,1,18,53.82000000000001
108,2025-05-20,1,1,2.99
114,2025-05-13,1,13,38.870000000000005
115,2025-01-12,1,12,35.88
118,2023-04-06,1,13,38.870000000000005
119,2024-04-29,1,1,2.99
122,2024-06-24,1,7,20.93
126,2024-11-12,1,18,53.82000000000001
127,2024-07-10,1,7,20.93
128,2025-10-09,1,17,50.830000000000005
131,2025-11-17,1,8,23.92
132,2023-07-09,1,2,5.98
135,2025-08-30,1,18,53.82000000000001
138,2023-11-14,1,9,26.910000000000004
139,2024-11-14,1,14,41.86
142,2024-07-17,1,3,8.97
144,2024-11-29,1,5,14.950000000000001
150,2024-01-20,1,11,32.89
151,2025-12-12,1,14,41.86
154,2025-04-15,1,4,11.96
155,2023-07-22,1,15,44.85
161,2025-06-02,1,12,35.88
167,2023-07-06,1,18,53.82000000000001
174,2025-05-13,1,7,20.93
175,2024-05-03,1,9,26.910000000000004
176,2025-07-17,1,19,56.81
179,2025-05-21,1,6,17.94
189,2023-01-02,1,18,53.82000000000001
195,2023-01-09,1,19,56.81
204,2023-09-11,1,10,29.900000000000002
205,2024-05-24,1,7,20.93
212,2025-08-14,1,13,38.870000000000005
213,2023-06-10,1,19,56.81
215,2024-02-02,1,4,11.96
219,2025-11-22,1,5,14.950000000000001
221,2024-04-04,1,16,47.84
227,2023-08-18,1,14,41.86
236,2024-03-28,1,17,50.830000000000005
237,2025-10-16,1,9,26.910000000000004
241,2025-12-08,1,11,32.89
246,2024-06-01,1,12,35.88
251,2023-10-29,1,9,26.910000000000004
252,2023-06-30,1,13,38.870000000000005
254,2024-11-30,1,13,38.870000000000005
260,2023-05-08,1,3,8.97
271,2023-09-03,1,13,38.870000000000005
283,2023-11-17,1,17,50.830000000000005
284,2024-05-26,1,13,38.870000000000005
285,2024-02-04,1,11,32.89
293,2024-07-28,1,8,23.92
296,2024-07-23,1,1,2.99
305,2023-09-21,1,10,29.900000000000002
308,2023-01-05,1,16,47.84
309,2025-02-12,1,12,35.88
312,2025-06-02,1,16,47.84
313,2023-02-16,1,6,17.94
316,2025-07-24,1,2,5.98
319,2024-01-05,1,16,47.84
322,2023-04-30,1,13,38.870000000000005
331,2024-05-27,1,16,47.84
336,2024-12-04,1,4,11.96
341,2023-06-03,1,11,32.89
343,2024-11-27,1,7,20.93
344,2025-12-28,1,6,17.94
349,2025-10-08,1,15,44.85
352,2023-08-06,1,3,8.97
353,2024-04-18,1,3,8.97
362,2024-03-17,1,12,35.88
373,2025-05-01,1,17,50.830000000000005
377,2024-11-21,1,17,50.830000000000005
378,2025-12-02,1,3,8.97
381,2023-01-12,1,14,41.86
382,2024-05-13,1,13,38.870000000000005
385,2024-12-27,1,8,23.92
387,2023-03-31,1,15,44.85
408,2024-10-24,1,19,56.81
415,2024-08-18,1,10,29.900000000000002
418,2024-11-29,1,13,38.870000000000005
419,2025-11-08,1,5,14.950000000000001
423,2023-03-17,1,16,47.84
435,2025-06-09,1,5,14.950000000000001
441,2024-02-02,1,14,41.86
446,2025-01-20,1,10,29.900000000000002
451,2025-07-01,1,18,53.82000000000001
454,2025-03-05,1,5,14.950000000000001
455,2024-09-25,1,7,20.93
458,2024-05-14,1,1,2.99
462,2024-03-20,1,9,26.910000000000004
465,2023-04-01,1,14,41.86
468,2023-06-22,1,13,38.870000000000005
469,2024-10-14,1,13,38.870000000000005
475,2025-06-13,1,8,23.92
481,2025-04-03,1,15,44.85
482,2025-07-17,1,2,5.98
492,2023-07-22,1,10,29.900000000000002
500,2025-02-22,1,7,20.93
501,2025-08-25,1,7,20.93
502,2023-12-24,1,3,8.97
507,2024-11-06,1,5,14.950000000000001
513,2023-02-10,1,4,11.96
517,2025-07-17,1,1,2.99
522,2025-06-27,1,19,56.81
526,2024-12-09,1,11,32.89
529,2025-04-03,1,4,11.96
531,2025-05-26,1,4,11.96
532,2025-10-25,1,4,11.96
533,2025-10-12,1,18,53.82000000000001
535,2025-12-24,1,16,47.84
544,2023-04-15,1,17,50.830000000000005
546,2024-01-20,1,19,56.81
547,2024-02-09,1,9,26.910000000000004
549,2024-06-01,1,17,50.830000000000005
550,2024-04-20,1,5,14.950000000000001
554,2025-09-23,1,14,41.86
559,2023-01-01,1,19,56.81
564,2025-05-30,1,5,14.950000000000001
569,2023-06-03,1,7,20.93
573,2023-04-28,1,5,14.950000000000001
574,2025-02-09,1,17,50.830000000000005
599,2023-06-15,1,12,35.88
600,2025-09-10,1,7,20.93
605,2023-05-13,1,19,56.81
607,2025-06-18,1,10,29.900000000000002
614,2023-02-22,1,13,38.870000000000005
622,2025-06-18,1,12,35.88
626,2024-10-28,1,9,26.910000000000004
641,2025-12-05,1,12,35.88
649,2023-12-16,1,2,5.98
657,2024-09-16,1,11,32.89
658,2024-12-19,1,2,5.98
662,2024-12-26,1,3,8.97
678,2025-01-08,1,8,23.92
680,2024-04-29,1,12,35.88
688,2023-05-25,1,8,23.92
695,2023-04-21,1,8,23.92
711,2025-04-02,1,5,14.950000000000001
723,2023-01-04,1,18,53.82000000000001
734,2023-06-22,1,6,17.94
744,2023-03-31,1,6,17.94
758,2023-11-25,1,10,29.900000000000002
761,2025-06-29,1,2,5.98
772,2024-12-25,1,17,50.830000000000005
774,2025-04-30,1,3,8.97
775,2023-03-19,1,18,53.82000000000001
778,2024-08-23,1,12,35.88
780,2023-03-30,1,3,8.97
783,2024-09-07,1,5,14.950000000000001
788,2023-05-23,1,9,26.910000000000004
800,2024-07-07,1,15,44.85
810,2023-10-16,1,6,17.94
818,2023-08-04,1,18,53.82000000000001
824,2023-05-10,1,12,35.88
825,2023-04-05,1,4,11.96
831,2025-05-21,1,7,20.93
832,2024-07-03,1,12,35.88
851,2023-05-07,1,3,8.97
858,2025-03-24,1,18,53.82000000000001
875,2023-03-16,1,2,5.98
876,2024-01-21,1,7,20.93
878,2024-02-22,1,15,44.85
882,2025-08-12,1,1,2.99
884,2025-02-01,1,18,53.82000000000001
888,2023-06-26,1,13,38.870000000000005
891,2025-09-29,1,7,20.93
892,2024-10-23,1,14,41.86
899,2023-05-28,1,18,53.82000000000001
904,2023-11-23,1,17,50.830000000000005
909,2024-12-23,1,18,53.82000000000001
912,2023-10-12,1,7,20.93
913,2024-03-04,1,4,11.96
917,2025-02-07,1,18,53.82000000000001
922,2025-09-14,1,17,50.830000000000005
933,2025-10-28,1,8,23.92
939,2025-12-13,1,6,17.94
944,2023-04-06,1,10,29.900000000000002
945,2025-03-24,1,10,29.900000000000002
954,2025-08-01,1,8,23.92
958,2023-05-31,1,18,53.82000000000001
960,2025-07-03,1,4,11.96
961,2024-11-30,1,16,47.84
963,2024-05-28,1,9,26.910000000000004
973,2025-07-22,1,5,14.950000000000001
975,2025-12-12,1,13,38.870000000000005
979,2024-12-14,1,13,38.870000000000005
988,2023-08-25,1,16,47.84
991,2024-10-27,1,14,41.86
997,2025-04-17,1,10,29.900000000000002
998,2023-05-08,1,19,56.81
1000,2023-02-10,1,11,32.89
1001,2025-07-22,1,11,32.89
1006,2023-12-08,1,19,56.81
1008,2024-10-07,1,15,44.85
1010,2023-06-17,1,5,14.950000000000001
1011,2024-09-01,1,5,14.950000000000001
1014,2024-03-30,1,11,32.89
1020,2023-05-10,1,6,17.94
1021,2025-10-16,1,19,56.81
1030,2025-03-17,1,10,29.900000000000002
1031,2025-01-13,1,3,8.97
1035,2024-10-25,1,12,35.88
1042,2024-04-26,1,10,29.900000000000002
1051,2023-02-11,1,4,11.96
1058,2025-05-15,1,18,53.82000000000001
1059,2024-06-07,1,1,2.99
1068,2023-12-05,1,3,8.97
1071,2025-09-02,1,12,35.88
1077,2025-11-05,1,7,20.93
1080,2025-09-07,1,17,50.830000000000005
1085,2023-05-17,1,18,53.82000000000001
1095,2024-02-06,1,12,35.88
1098,2024-09-11,1,8,23.92
1107,2023-02-08,1,18,53.82000000000001
1108,2024-05-11,1,8,23.92
1113,2024-05-07,1,4,11.96
1115,2023-11-07,1,1,2.99
1119,2023-09-08,1,7,20.93
1125,2024-04-21,1,7,20.93
1127,2023-09-02,1,14,41.86
1130,2023-09-29,1,4,11.96
1142,2023-10-20,1,19,56.81
1144,2024-12-05,1,11,32.89
1156,2025-12-21,1,18,53.82000000000001
1159,2025-02-10,1,13,38.870000000000005
1173,2024-02-23,1,14,41.86
1178,2023-01-03,1,3,8.97
1180,2025-02-19,1,9,26.910000000000004
1182,2023-11-25,1,11,32.89
1183,2024-08-02,1,16,47.84
1184,2025-08-09,1,2,5.98
1188,2025-01-07,1,8,23.92
1191,2023-02-09,1,9,26.910000000000004
1192,2025-08-12,1,15,44.85
1195,2023-02-07,1,10,29.900000000000002
1196,2023-11-24,1,2,5.98
1203,2024-08-15,1,12,35.88
1209,2024-11-28,1,1,2.99
1210,2025-11-29,1,8,23.92
1220,2024-07-10,1,15,44.85
1221,2023-12-22,1,18,53.82000000000001
1228,2025-04-05,1,8,23.92
1238,2023-10-22,1,2,5.98
1241,2023-12-26,1,17,50.830000000000005
1258,2025-07-04,1,8,23.92
1265,2024-02-05,1,12,35.88
1286,2025-08-04,1,1,2.99
1295,2023-06-06,1,9,26.910000000000004
1298,2025-11-11,1,13,38.870000000000005
1299,2025-04-28,1,4,11.96
1303,2023-10-30,1,13,38.870000000000005
1310,2025-03-02,1,12,35.88
1313,2025-12-19,1,8,23.92
1315,2025-09-11,1,14,41.86
1317,2024-08-13,1,13,38.870000000000005
1318,2025-11-16,1,5,14.950000000000001
1324,2024-01-13,1,19,56.81
1328,2025-01-03,1,7,20.93
1331,2024-06-04,1,13,38.870000000000005
1333,2025-08-13,1,5,14.950000000000001
1334,2024-12-26,1,18,53.82000000000001
1345,2023-12-04,1,8,23.92
1348,2023-01-11,1,18,53.82000000000001
1353,2023-08-02,1,8,23.92
1360,2024-11-03,1,17,50.830000000000005
1377,2025-06-05,1,18,53.82000000000001
1379,2023-11-13,1,8,23.92
1408,2024-11-15,1,17,50.830000000000005
1424,2023-12-19,1,15,44.85
1428,2025-08-14,1,17,50.830000000000005
1430,2024-02-08,1,8,23.92
1445,2025-01-24,1,11,32.89
1451,2025-05-16,1,10,29.900000000000002
1463,2025-10-01,1,7,20.93
1466,2024-01-16,1,12,35.88
1473,2023-01-28,1,5,14.950000000000001
1474,2023-03-07,1,7,20.93
1477,2023-10-28,1,12,35.88
1497,2025-08-14,1,19,56.81
1499,2025-08-26,1,6,17.94
1504,2025-10-21,1,9,26.910000000000004
1509,2025-12-18,1,19,56.81
1511,2025-10-05,1,11,32.89
1515,2023-10-03,1,19,56.81
1520,2025-11-28,1,7,20.93
1523,2025-07-07,1,1,2.99
1526,2023-11-04,1,18,53.82000000000001
1529,2024-01-10,1,1,2.99
1531,2023-05-09,1,13,38.870000000000005
1536,2023-11-07,1,9,26.910000000000004
1542,2025-09-13,1,17,50.830000000000005
1562,2025-09-27,1,1,2.99
1563,2025-04-30,1,2,5.98
1577,2025-05-16,1,17,50.830000000000005
1581,2025-08-19,1,12,35.88
1582,2025-07-30,1,12,35.88
1591,2023-10-31,1,11,32.89
1594,2023-02-12,1,12,35.88
1602,2023-01-21,1,9,26.910000000000004
1604,2024-09-10,1,8,23.92
1610,2023-02-20,1,10,29.900000000000002
1611,2023-11-20,1,1,2.99
1621,2023-10-18,1,7,20.93
1624,2023-01-02,1,1,2.99
1625,2024-08-11,1,13,38.870000000000005
1631,2023-06-08,1,2,5.98
1642,2024-12-26,1,6,17.94
1652,2025-12-08,1,8,23.92
1667,2024-09-22,1,18,53.82000000000001
1681,2024-09-28,1,1,2.99
1684,2024-11-30,1,19,56.81
1691,2025-01-13,1,11,32.89
1700,2025-04-07,1,19,56.81
1702,2024-05-31,1,10,29.900000000000002
1704,2023-06-09,1,17,50.830000000000005
1708,2025-10-10,1,2,5.98
1712,2024-12-27,1,9,26.910000000000004
1717,2024-10-23,1,4,11.96
1719,2023-10-14,1,9,26.910000000000004
1722,2023-07-27,1,10,29.900000000000002
1726,2024-09-24,1,6,17.94
1731,2025-09-06,1,16,47.84
1738,2023-11-17,1,19,56.81
1740,2023-05-29,1,17,50.830000000000005
1742,2025-09-04,1,1,2.99
1743,2024-03-31,1,2,5.98
1746,2025-02-22,1,11,32.89
1751,2023-04-24,1,13,38.870000000000005
1752,2025-01-18,1,13,38.870000000000005
1758,2024-03-24,1,9,26.910000000000004
1763,2023-05-23,1,10,29.900000000000002
1765,2023-09-01,1,15,44.85
1776,2023-03-14,1,9,26.910000000000004
1786,2023-06-13,1,4,11.96
1788,2025-04-12,1,8,23.92
1799,2025-09-20,1,5,14.950000000000001
1809,2024-01-25,1,4,11.96
1811,2023-02-12,1,9,26.910000000000004
1816,2023-10-14,1,2,5.98
1820,2024-10-03,1,13,38.870000000000005
1834,2025-02-23,1,11,32.89
1843,2024-04-27,1,18,53.82000000000001
1849,2024-08-20,1,9,26.910000000000004
1850,2024-05-24,1,2,5.98
1856,2024-10-11,1,9,26.910000000000004
1857,2025-06-19,1,12,35.88
1890,2024-02-29,1,9,26.910000000000004
1894,2025-10-30,1,4,11.96
1896,2023-08-20,1,14,41.86
1897,2025-02-27,1,4,11.96
1900,2025-03-12,1,7,20.93
1903,2023-07-19,1,19,56.81
1904,2025-08-02,1,17,50.830000000000005
1907,2025-05-05,1,16,47.84
1908,2024-04-11,1,8,23.92
1911,2024-03-24,1,19,56.81
1913,2023-04-11,1,9,26.910000000000004
1917,2023-02-12,1,2,5.98
1925,2024-03-11,1,2,5.98
1929,2024-07-16,1,2,5.98
1932,2023-12-16,1,5,14.950000000000001
1934,2023-05-18,1,1,2.99
1941,2024-04-07,1,11,32.89
1952,2023-05-29,1,3,8.97
1960,2024-06-06,1,18,53.82000000000001
1961,2024-06-05,1,19,56.81
1971,2024-02-18,1,19,56.81
1977,2024-05-11,1,15,44.85
1993,2024-06-17,1,4,11.96
1994,2025-05-09,1,12,35.88
1995,2025-02-08,1,9,26.910000000000004
2002,2025-12-03,1,19,56.81
2004,2023-10-05,1,17,50.830000000000005
2016,2023-05-09,1,17,50.830000000000005
2019,2025-05-23,1,16,47.84
2024,2025-07-11,1,8,23.92
2029,2024-05-14,1,16,47.84
2031,2024-08-20,1,11,32.89
2033,2024-08-24,1,19,56.81
2036,2025-11-01,1,15,44.85
2038,2025-11-03,1,14,41.86
2046,2024-06-19,1,6,17.94
2049,2025-04-01,1,11,32.89
2054,2025-07-30,1,14,41.86
2056,2025-12-16,1,2,5.98
2058,2025-11-09,1,8,23.92
2062,2024-06-09,1,15,44.85
2067,2025-06-18,1,4,11.96
2069,2024-06-19,1,15,44.85
2070,2023-06-11,1,9,26.910000000000004
2073,2023-03-01,1,10,29.900000000000002
2078,2024-06-25,1,11,32.89
2083,2024-03-07,1,15,44.85
2087,2024-04-25,1,12,35.88
2093,2025-10-16,1,2,5.98
2095,2024-02-05,1,9,26.910000000000004
2097,2024-10-21,1,19,56.81
2100,2023-03-19,1,4,11.96
2102,2023-03-16,1,18,53.82000000000001
2116,2024-08-03,1,9,26.910000000000004
2118,2025-07-05,1,4,11.96
2132,2025-09-11,1,3,8.97
2141,2023-09-27,1,3,8.97
2145,2024-08-04,1,16,47.84
2148,2023-09-07,1,14,41.86
2164,2023-11-01,1,3,8.97
2166,2025-05-02,1,8,23.92
2169,2024-02-29,1,10,29.900000000000002
2173,2024-05-04,1,17,50.830000000000005
2174,2025-10-13,1,17,50.830000000000005
2181,2023-01-28,1,11,32.89
2188,2023-07-17,1,12,35.88
2191,2025-05-02,1,18,53.82000000000001
2192,2023-01-22,1,15,44.85
2208,2023-10-04,1,7,20.93
2210,2024-01-18,1,3,8.97
2218,2024-09-19,1,9,26.910000000000004
2221,2025-09-27,1,13,38.870000000000005
2226,2024-03-22,1,16,47.84
2230,2023-08-15,1,18,53.82000000000001
2232,2024-11-09,1,18,53.82000000000001
2241,2024-05-22,1,9,26.910000000000004
2252,2024-04-12,1,19,56.81
2256,2024-01-22,1,14,41.86
2258,2023-09-16,1,11,32.89
2261,2024-04-30,1,9,26.910000000000004
2267,2025-07-16,1,9,26.910000000000004
2270,2023-09-17,1,13,38.870000000000005
2272,2025-08-23,1,12,35.88
2282,2025-07-12,1,17,50.830000000000005
2284,2023-05-11,1,12,35.88
2290,2023-08-15,1,2,5.98
2291,2024-12-01,1,17,50.830000000000005
2296,2024-04-01,1,1,2.99
2298,2025-09-08,1,7,20.93
2301,2025-09-12,1,9,26.910000000000004
2303,2023-07-09,1,19,56.81
2309,2023-12-04,1,15,44.85
2311,2023-10-06,1,10,29.900000000000002
2312,2025-06-14,1,6,17.94
2313,2023-09-30,1,14,41.86
2321,2023-09-29,1,2,5.98
2324,2025-07-24,1,8,23.92
2330,2023-05-04,1,5,14.950000000000001
2334,2024-10-01,1,15,44.85
2339,2024-06-16,1,9,26.910000000000004
2350,2025-06-06,1,9,26.910000000000004
2352,2024-07-03,1,14,41.86
2359,2023-10-08,1,18,53.82000000000001
2367,2025-08-04,1,11,32.89
2368,2025-06-17,1,18,53.82000000000001
2369,2023-10-11,1,14,41.86
2371,2023-06-22,1,10,29.900000000000002
2379,2025-07-22,1,11,32.89
2382,2024-04-09,1,6,17.94
2385,2023-11-16,1,15,44.85
2386,2024-11-03,1,18,53.82000000000001
2389,2025-03-31,1,5,14.950000000000001
2395,2025-09-14,1,10,29.900000000000002
2400,2025-12-21,1,1,2.99
2402,2024-03-07,1,1,2.99
2411,2024-04-26,1,17,50.830000000000005
2415,2025-10-28,1,5,14.950000000000001
2416,2023-12-09,1,6,17.94
2429,2024-05-19,1,14,41.86
2432,2023-12-14,1,17,50.830000000000005
2434,2025-02-10,1,18,53.82000000000001
2440,2025-08-08,1,18,53.82000000000001
2446,2023-10-10,1,16,47.84
2450,2025-01-22,1,2,5.98
2455,2024-12-01,1,15,44.85
2462,2025-05-14,1,3,8.97
2463,2024-08-24,1,14,41.86
2464,2023-12-07,1,10,29.900000000000002
2469,2023-08-21,1,16,47.84
2470,2025-03-27,1,4,11.96
2479,2023-05-07,1,19,56.81
2480,2023-01-01,1,5,14.950000000000001
2486,2024-08-24,1,16,47.84
2489,2024-06-03,1,17,50.830000000000005
2497,2024-09-30,1,17,50.830000000000005
2500,2024-04-29,1,9,26.910000000000004
2503,2023-11-28,1,16,47.84
2507,2023-04-15,1,12,35.88
2509,2024-03-25,1,11,32.89
2510,2025-06-28,1,10,29.900000000000002
2512,2024-07-16,1,17,50.830000000000005
2514,2025-02-09,1,3,8.97
2516,2024-10-28,1,19,56.81
2518,2024-01-22,1,9,26.910000000000004
2519,2023-10-23,1,19,56.81
2530,2024-02-24,1,11,32.89
2537,2025-11-30,1,11,32.89
2538,2025-12-22,1,16,47.84
2539,2023-01-23,1,19,56.81
2547,2024-02-25,1,12,35.88
2556,2024-07-29,1,13,38.870000000000005
2560,2025-11-20,1,18,53.82000000000001
2565,2024-07-10,1,10,29.900000000000002
2568,2023-09-19,1,5,14.950000000000001
2570,2025-06-29,1,19,56.81
2572,2024-06-25,1,15,44.85
2575,2023-05-05,1,3,8.97
2583,2025-03-07,1,1,2.99
2584,2023-03-18,1,3,8.97
2585,2023-02-28,1,3,8.97
2591,2025-12-28,1,17,50.830000000000005
2595,2025-03-31,1,16,47.84
2597,2025-08-04,1,9,26.910000000000004
2608,2024-04-27,1,1,2.99
2612,2025-09-22,1,14,41.86
2622,2024-05-31,1,19,56.81
2624,2024-09-04,1,7,20.93
2660,2025-07-29,1,2,5.98
2663,2025-01-06,1,5,14.950000000000001
2667,2025-04-16,1,4,11.96
2676,2023-11-16,1,12,35.88
2679,2023-07-13,1,9,26.910000000000004
2680,2024-11-26,1,3,8.97
2683,2023-09-21,1,10,29.900000000000002
2691,2023-01-01,1,18,53.82000000000001
2698,2024-06-30,1,15,44.85
2704,2025-06-28,1,5,14.950000000000001
2706,2023-02-14,1,1,2.99
2727,2024-03-12,1,4,11.96
2728,2025-02-19,1,14,41.86
2735,2024-06-27,1,8,23.92
2742,2023-02-22,1,16,47.84
2743,2024-02-12,1,4,11.96
2747,2024-12-03,1,16,47.84
2753,2023-12-20,1,12,35.88
2758,2023-07-28,1,1,2.99
2761,2023-11-21,1,6,17.94
2764,2024-10-29,1,16,47.84
2768,2024-03-03,1,1,2.99
2782,2025-08-08,1,16,47.84
2788,2025-07-17,1,11,32.89
2790,2024-03-06,1,6,17.94
2799,2023-08-15,1,12,35.88
2803,2023-07-29,1,1,2.99
2805,2024-02-01,1,12,35.88
2831,2023-02-22,1,17,50.830000000000005
2839,2023-01-17,1,17,50.830000000000005
2847,2023-04-29,1,17,50.830000000000005
2858,2025-01-25,1,13,38.870000000000005
2866,2023-11-03,1,10,29.900000000000002
2871,2023-08-13,1,8,23.92
2873,2024-12-29,1,3,8.97
2890,2024-06-23,1,3,8.97
2891,2023-10-05,1,4,11.96
2896,2024-05-21,1,11,32.89
2906,2023-08-04,1,14,41.86
2912,2023-01-05,1,15,44.85
2918,2023-01-15,1,14,41.86
2920,2023-10-04,1,16,47.84
2923,2024-03-21,1,2,5.98
2933,2023-11-29,1,8,23.92
2935,2025-05-12,1,16,47.84
2941,2025-10-13,1,4,11.96
2943,2023-10-01,1,8,23.92
2945,2023-11-07,1,2,5.98
2948,2023-06-03,1,19,56.81
2952,2023-05-05,1,12,35.88
2955,2025-04-27,1,18,53.82000000000001
2962,2024-05-09,1,4,11.96
2964,2025-11-28,1,9,26.910000000000004
2967,2025-01-23,1,6,17.94
2978,2024-03-31,1,13,38.870000000000005
2992,2025-09-06,1,5,14.950000000000001
